isbn_10,tag
0007126875,ğŸ” North America
0007126875,ğŸ—ï¸ Contemporary
0007126875,ğŸ•¯ï¸ Cultural
0007126875,ğŸ¥ Europe
0007558376,ğŸ‡ªğŸ‡¸ Spain
0007558376,ğŸ—ï¸ Contemporary
0007558376,ğŸ­ Late Modern
0007558376,ğŸ‘‘ Political
0007558376,ğŸ¥ Europe
0007575548,ğŸ­ Global
0007575548,ğŸ­ Late Modern
0007575548,ğŸ‘‘ Political
0007578830,ğŸ‡¬ğŸ‡§ UK
0007578830,ğŸ­ Late Modern
0007578830,ğŸ•¯ï¸ Cultural
0007578830,ğŸ¥ Europe
0008106223,ğŸ‡¬ğŸ‡§ UK
0008106223,ğŸ­ Late Modern
0008106223,ğŸ‘‘ Political
0008106223,ğŸ¥ Europe
0008128340,ğŸ‡¬ğŸ‡§ UK
0008128340,ğŸ­ Late Modern
0008128340,ğŸ¥ Europe
0008128340,ğŸš½ Social
0008171963,ğŸ‡¬ğŸ‡§ UK
0008171963,ğŸ° Middle Ages
0008171963,ğŸ‘‘ Political
0008171963,ğŸ¥ Europe
0008211094,ğŸ‡®ğŸ‡¹ Italy
0008211094,ğŸ›ï¸ Ancient
0008211094,ğŸ•¯ï¸ Cultural
0008211094,ğŸ¥ Europe
0008225117,â›©ï¸ All periods
0008225117,ğŸ‡¬ğŸ‡§ UK
0008225117,ğŸ‡®ğŸ‡ª Ireland
0008225117,ğŸ¥ Europe
0008225117,ğŸš½ Social
0008274940,âš”ï¸ Military
0008274940,ğŸ‡¬ğŸ‡§ UK
0008274940,ğŸ—ï¸ Contemporary
0008274940,ğŸ¥ Europe
0008280525,âš”ï¸ Military
0008280525,ğŸ‡¬ğŸ‡§ UK
0008280525,ğŸ—ï¸ Contemporary
0008280525,ğŸ¥ Europe
0008282021,â›ª Early Modern
0008282021,ğŸ‡¬ğŸ‡§ UK
0008282021,ğŸ¥ Europe
0008282021,ğŸš½ Social
0008282021,Ottomans
0008284393,âš”ï¸ Military
0008284393,ğŸ‡¬ğŸ‡· Greece
0008284393,ğŸ” North America
0008284393,ğŸ›ï¸ Ancient
0008284393,ğŸ‘‘ Political
0008285675,ğŸ—ï¸ Contemporary
0008285675,ğŸ­ Late Modern
0008285675,ğŸ¥ Europe
0008285675,ğŸš½ Social
0008296804,â›ª Early Modern
0008296804,ğŸ‡¬ğŸ‡§ UK
0008296804,ğŸ‘‘ Political
0008296804,ğŸ¥ Europe
0008299862,ğŸ‡¬ğŸ‡§ UK
0008299862,ğŸ° Middle Ages
0008299862,ğŸ‘‘ Political
0008299862,ğŸ¥ Europe
0008299862,ğŸš½ Social
0008303290,ğŸ‡ºğŸ‡¸ USA
0008303290,ğŸ” North America
0008303290,ğŸ­ Late Modern
0008303290,ğŸ‘‘ Political
0008313415,â›ª Early Modern
0008313415,ğŸ—ï¸ Contemporary
0008313415,ğŸ­ Late Modern
0008313415,ğŸ•¯ï¸ Cultural
0008313415,ğŸ¥ Europe
0008318832,â›©ï¸ All periods
0008318832,ğŸ­ Global
0008318832,ğŸš½ Social
0008339015,â›ª Early Modern
0008339015,ğŸ¤ Australasia
0008339015,ğŸ­ Late Modern
0008339015,ğŸ° Middle Ages
0008339015,ğŸ‘‘ Political
0008339015,ğŸš½ Social
0008353077,ğŸœ Asia
0008353077,ğŸ° Middle Ages
0008353077,ğŸ‘‘ Political
0008353077,ğŸ’° Economic
0008353077,ğŸ¥ Europe
0008353077,Bronze Age
0008356696,ğŸ‡¬ğŸ‡§ UK
0008356696,ğŸ›ï¸ Ancient
0008356696,ğŸ¥ Europe
0008356696,ğŸš½ Social
0008358222,â›ª Early Modern
0008358222,ğŸ‡µğŸ‡¹ Portugal
0008358222,ğŸ­ Global
0008358222,ğŸ¥ Europe
0008358222,ğŸš½ Social
0008364990,ğŸ‡¨ğŸ‡º Cuba
0008364990,ğŸ” North America
0008364990,ğŸ—ï¸ Contemporary
0008364990,ğŸ‘‘ Political
0008389969,â›ª Early Modern
0008389969,ğŸ‡¬ğŸ‡§ UK
0008389969,ğŸ‘‘ Political
0008389969,ğŸ•¯ï¸ Cultural
0008389969,ğŸ¥ Europe
0008416044,â›ª Early Modern
0008416044,ğŸ‡¹ğŸ‡· Turkey
0008416044,ğŸ—ï¸ Contemporary
0008416044,ğŸ•¯ï¸ Cultural
0008416044,ğŸ¥ Europe
000841811X,â›©ï¸ All periods
000841811X,ğŸ­ Global
000841811X,ğŸ•¯ï¸ Cultural
000841811X,ğŸš½ Social
0008436983,â›ª Early Modern
0008436983,ğŸ‡¬ğŸ‡§ UK
0008436983,ğŸ­ Late Modern
0008436983,ğŸ•¯ï¸ Cultural
0008436983,ğŸ¥ Europe
0008437025,â›ª Early Modern
0008437025,ğŸ‡¬ğŸ‡§ UK
0008437025,ğŸ­ Late Modern
0008437025,ğŸ¥ Europe
0008437025,ğŸš½ Social
0008447322,ğŸ‡¬ğŸ‡§ UK
0008447322,ğŸ° Middle Ages
0008447322,ğŸ‘‘ Political
0008447322,ğŸ¥ Europe
0008471207,â›©ï¸ All periods
0008471207,ğŸ‡¬ğŸ‡§ UK
0008471207,ğŸ‘‘ Political
0008471207,ğŸ¥ Europe
0008471207,ğŸš½ Social
0008498768,ğŸ‡®ğŸ‡³ India
0008498768,ğŸœ Asia
0008498768,ğŸ­ Late Modern
0008498768,ğŸ‘‘ Political
0008498768,ğŸš½ Social
0008601704,â›ª Early Modern
0008601704,ğŸ‡¬ğŸ‡§ UK
0008601704,ğŸ­ Late Modern
0008601704,ğŸ° Middle Ages
0008601704,ğŸ‘‘ Political
0008601704,ğŸ¥ Europe
0008601704,ğŸš½ Social
0062875353,âš”ï¸ Military
0062875353,â›ª Early Modern
0062875353,ğŸ‡¬ğŸ‡§ UK
0062875353,ğŸ‘‘ Political
0062875353,ğŸ¥ Europe
0062980890,ğŸ° Middle Ages
0062980890,ğŸ‘‘ Political
0062980890,ğŸ¥ Europe
0062980890,ğŸš½ Social
0141010207,ğŸ—ï¸ Contemporary
0141010207,ğŸ“š Historiography
0141010207,ğŸ¥ Europe
0141977493,ğŸ† Wolfson prize winner
0141977493,ğŸ° Middle Ages
0141977493,ğŸ•¯ï¸ Cultural
0141977493,ğŸ¥ Europe
0190059044,ğŸœ Asia
0190059044,ğŸ›ï¸ Ancient
0190059044,ğŸš½ Social
0190076712,â›©ï¸ All periods
0190076712,ğŸ“š Historiography
0190076712,ğŸ•¯ï¸ Cultural
0190076712,ğŸ¥ Europe
0190299126,â›ª Early Modern
0190299126,ğŸŒ½ Central and S America
0190299126,ğŸ‘‘ Political
0190299126,ğŸ¥ Europe
0190459646,ğŸ—ï¸ Contemporary
0190459646,ğŸ•¯ï¸ Cultural
0190459646,ğŸ¥ Europe
0190499826,ğŸ‡ºğŸ‡¸ USA
0190499826,ğŸ” North America
0190499826,ğŸ—ï¸ Contemporary
0190499826,ğŸ­ Late Modern
0190499826,ğŸš½ Social
0190618418,âš”ï¸ Military
0190618418,ğŸ‡·ğŸ‡º Russia
0190618418,ğŸ—ï¸ Contemporary
0190618418,ğŸ¥ Europe
0190633980,ğŸ‡¬ğŸ‡· Greece
0190633980,ğŸ›ï¸ Ancient
0190633980,ğŸ‘‘ Political
0190633980,ğŸ•¯ï¸ Cultural
0190633980,ğŸ¥ Europe
0190673060,â›ª Early Modern
0190673060,ğŸ‡²ğŸ‡½ Mexico
0190673060,ğŸŒ½ Central and S America
0190673060,ğŸ‘‘ Political
0190673060,ğŸ¥‡ Cundhill prize winner
0190673060,Sex
0190681241,ğŸ‡©ğŸ‡ª Germany
0190681241,ğŸ† Wolfson prize winner
0190681241,ğŸ—ï¸ Contemporary
0190681241,ğŸ¥ Europe
0190681241,ğŸš½ Social
0190681241,Alexander the Great
0190681616,âš”ï¸ Military
0190681616,ğŸ‡»ğŸ‡³ Vietnam
0190681616,ğŸœ Asia
0190681616,ğŸ—ï¸ Contemporary
0190841575,ğŸ­ Global
0190841575,ğŸ—ï¸ Contemporary
0190841575,ğŸ­ Late Modern
0190841575,ğŸš½ Social
0190859989,â›©ï¸ All periods
0190859989,ğŸ‡®ğŸ‡¹ Italy
0190859989,ğŸ‘‘ Political
0190859989,ğŸ¥ Europe
0190860456,âš”ï¸ Military
0190860456,â›ª Early Modern
0190860456,ğŸŒ½ Central and S America
0190860456,ğŸ” North America
0190860456,ğŸ° Middle Ages
0190860456,ğŸ¥ Europe
0190864354,â›ª Early Modern
0190864354,ğŸ‡²ğŸ‡½ Mexico
0190864354,ğŸŒ½ Central and S America
0190864354,ğŸ‘‘ Political
0190875348,ğŸ‡¬ğŸ‡· Greece
0190875348,ğŸœ Asia
0190875348,ğŸ›ï¸ Ancient
0190875348,ğŸ•¯ï¸ Cultural
0190875348,ğŸ¥ Europe
0190883200,â›©ï¸ All periods
0190883200,ğŸ— Africa
0190883200,ğŸ­ Global
0190883200,ğŸï¸ Pre-Human
0190883200,ğŸµ Evolutionary
0190887842,ğŸ›ï¸ Ancient
0190887842,ğŸ‘‘ Political
0190887842,ğŸ¥ Europe
0190918950,ğŸ­ Global
0190918950,ğŸ—ï¸ Contemporary
0190918950,ğŸ’° Economic
0190918950,ğŸš½ Social
0190927178,ğŸ‡®ğŸ‡· Iran
0190927178,ğŸœ Asia
0190927178,ğŸ›ï¸ Ancient
0190927178,ğŸ‘‘ Political
0190937807,â›©ï¸ All periods
0190937807,ğŸœ Asia
0190937807,ğŸ‘‘ Political
0190937807,ğŸš½ Social
0192858882,â›©ï¸ All periods
0192858882,ğŸ— Africa
0192858882,ğŸ‘‘ Political
0192858882,ğŸš½ Social
0192859560,ğŸ›ï¸ Ancient
0192859560,ğŸ‘‘ Political
0192859560,ğŸ¥ Europe
0192865781,â›ª Early Modern
0192865781,ğŸ‡¬ğŸ‡§ UK
0192865781,ğŸ‘‘ Political
0192865781,ğŸ¥ Europe
0192865781,ğŸš½ Social
0192888196,ğŸ‡¬ğŸ‡§ UK
0192888196,ğŸ­ Late Modern
0192888196,ğŸ¥ Europe
0192888196,ğŸš½ Social
0192890735,âš”ï¸ Military
0192890735,ğŸ‡©ğŸ‡ª Germany
0192890735,ğŸ‡®ğŸ‡¹ Italy
0192890735,ğŸ—ï¸ Contemporary
0192890735,ğŸ‘‘ Political
0192890735,ğŸ¥ Europe
0195335430,â›ª Early Modern
0195335430,ğŸ‡¯ğŸ‡µ Japan
0195335430,ğŸœ Asia
0195335430,ğŸ•¯ï¸ Cultural
0195335430,ğŸš½ Social
0197518826,â›©ï¸ All periods
0197518826,ğŸ” North America
0197518826,ğŸ‘‘ Political
0197518826,ğŸ¥ Europe
0197518826,ğŸš½ Social
0197519644,ğŸ‡ºğŸ‡¸ USA
0197519644,ğŸ” North America
0197519644,ğŸ—ï¸ Contemporary
0197519644,ğŸ‘‘ Political
0197527787,ğŸ‡ºğŸ‡¸ USA
0197527787,ğŸ” North America
0197527787,ğŸ—ï¸ Contemporary
0197527787,ğŸ­ Late Modern
0197527787,ğŸ•¯ï¸ Cultural
0197530478,ğŸ‡ºğŸ‡¸ USA
0197530478,ğŸ” North America
0197530478,ğŸ­ Late Modern
0197530478,ğŸš½ Social
0197531792,ğŸ‡ºğŸ‡¸ USA
0197531792,ğŸ” North America
0197531792,ğŸ­ Late Modern
0197531792,ğŸš½ Social
0197532357,ğŸ° Middle Ages
0197532357,ğŸ¥ Europe
0197532357,ğŸš½ Social
0197538800,ğŸ­ Late Modern
0197538800,ğŸ¥ Europe
0197538800,ğŸš½ Social
0197538800,Phoenicians
0197546870,ğŸ‡·ğŸ‡º Russia
0197546870,ğŸœ Asia
0197546870,ğŸ—ï¸ Contemporary
0197546870,ğŸ‘‘ Political
0197546870,ğŸ¥ Europe
0197546870,ğŸš½ Social
0197549322,ğŸœ Asia
0197549322,ğŸ° Middle Ages
0197549322,ğŸ‘‘ Political
0197549322,ğŸ¥ Europe
0197552463,âš”ï¸ Military
0197552463,â›ª Early Modern
0197552463,ğŸ‡²ğŸ‡½ Mexico
0197552463,ğŸŒ½ Central and S America
0197552463,ğŸ‘‘ Political
0197555845,â›ª Early Modern
0197555845,ğŸ‡ºğŸ‡¸ USA
0197555845,ğŸ” North America
0197555845,ğŸ‘‘ Political
0197555845,ğŸš½ Social
0197557384,ğŸ‡«ğŸ‡· France
0197557384,ğŸ­ Late Modern
0197557384,ğŸ¥ Europe
0197557384,ğŸš½ Social
0197564224,ğŸ‡ºğŸ‡¸ USA
0197564224,ğŸ” North America
0197564224,ğŸ­ Late Modern
0197564224,ğŸš½ Social
019757470X,ğŸœ Asia
019757470X,ğŸ° Middle Ages
019757470X,ğŸ‘‘ Political
019757470X,ğŸ¥ Europe
019757470X,ğŸš½ Social
0197575358,ğŸ‡¨ğŸ‡³ China
0197575358,ğŸ‡°ğŸ‡µ North Korea
0197575358,ğŸ‡·ğŸ‡º Russia
0197575358,ğŸœ Asia
0197575358,ğŸ—ï¸ Contemporary
0197575358,ğŸ‘‘ Political
0197575358,ğŸ“š Historiography
0197575358,ğŸ¥ Europe
0197575358,Slavery
0197633099,ğŸ‡ºğŸ‡¸ USA
0197633099,ğŸ” North America
0197633099,ğŸ­ Late Modern
0197633099,ğŸš½ Social
0197644880,â›©ï¸ All periods
0197644880,ğŸ‡®ğŸ‡¹ Italy
0197644880,ğŸ” North America
0197644880,ğŸ›ï¸ Ancient
0197644880,ğŸ‘‘ Political
0197644880,ğŸ•¯ï¸ Cultural
0197644880,ğŸ¥ Europe
0197644880,Vikings
0197646700,â›©ï¸ All periods
0197646700,ğŸ­ Global
0197646700,ğŸ•¯ï¸ Cultural
0197648002,â›ª Early Modern
0197648002,ğŸ” North America
0197648002,ğŸ— Africa
0197648002,ğŸ•¯ï¸ Cultural
0197650937,â›©ï¸ All periods
0197650937,ğŸ‡³ğŸ‡µ Nepal
0197650937,ğŸœ Asia
0197650937,ğŸ‘‘ Political
0197663710,ğŸ‡·ğŸ‡º Russia
0197663710,ğŸœ Asia
0197663710,ğŸ—ï¸ Contemporary
0197663710,ğŸ­ Late Modern
0197663710,ğŸ‘‘ Political
0197663710,ğŸ’° Economic
0197663710,ğŸ¥ Europe
019766802X,ğŸ›ï¸ Ancient
019766802X,ğŸ•¯ï¸ Cultural
019766802X,ğŸ¥ Europe
0198704054,ğŸ° Middle Ages
0198704054,ğŸ’° Economic
0198704054,ğŸ¥ Europe
0198704054,ğŸš½ Social
0198715951,ğŸ‡«ğŸ‡· France
0198715951,ğŸ­ Late Modern
0198715951,ğŸ‘‘ Political
0198715951,ğŸ¥ Europe
0198752903,â›©ï¸ All periods
0198752903,ğŸ­ Global
0198752903,ğŸ‘‘ Political
0198758480,â›ª Early Modern
0198758480,ğŸ‡¬ğŸ‡§ UK
0198758480,ğŸ­ Late Modern
0198758480,ğŸ¥ Europe
0198758480,ğŸš½ Social
0198783469,ğŸ‡¬ğŸ‡§ UK
0198783469,ğŸ­ Late Modern
0198783469,ğŸ‘‘ Political
0198783469,ğŸ¥ Europe
0198783469,ğŸš½ Social
0198789009,ğŸ‡¬ğŸ‡§ UK
0198789009,ğŸ›ï¸ Ancient
0198789009,ğŸ¥ Europe
0198789009,ğŸš½ Social
0198796099,ğŸ‡©ğŸ‡ª Germany
0198796099,ğŸ­ Late Modern
0198796099,ğŸ‘‘ Political
0198796099,ğŸ¥ Europe
0198797524,ğŸï¸ Pre-Human
0198797524,ğŸ¥ Europe
0198797524,ğŸš½ Social
0198797664,â›ª Early Modern
0198797664,ğŸ‡«ğŸ‡· France
0198797664,ğŸ¥ Europe
0198797664,ğŸš½ Social
0198802862, England
0198802862, Tudor
0198802862,âš”ï¸ Military
0198802862,â›ª Early Modern
0198802862,ğŸ‡¬ğŸ‡§ UK
0198802862,ğŸ¥ Europe
0198802862,ğŸš½ Social
0198802862,Religion
0198806728,ğŸœ Asia
0198806728,ğŸ° Middle Ages
0198806728,ğŸ‘‘ Political
0198806728,ğŸ¥ Europe
0198806728,ğŸš½ Social
0198816189,ğŸ‡©ğŸ‡ª Germany
0198816189,ğŸ­ Late Modern
0198816189,ğŸ‘‘ Political
0198816189,ğŸ¥ Europe
0198820127,ğŸœ Asia
0198820127,ğŸ›ï¸ Ancient
0198820127,ğŸ‘‘ Political
0198820127,ğŸ¥ Europe
0198820127,ğŸš½ Social
0198830130,â›ª Early Modern
0198830130,ğŸ•¯ï¸ Cultural
0198830130,ğŸ¥ Europe
0198832834,ğŸ­ Global
0198832834,ğŸ—ï¸ Contemporary
0198832834,ğŸ‘‘ Political
0198832834,ğŸ’° Economic
0198833377,ğŸ‡¬ğŸ‡§ UK
0198833377,ğŸ­ Late Modern
0198833377,ğŸ•¯ï¸ Cultural
0198833377,ğŸ¥ Europe
0198841027,â›ª Early Modern
0198841027,ğŸ‡¬ğŸ‡§ UK
0198841027,ğŸ¥ Europe
0198841027,ğŸš½ Social
0198843135,ğŸ‡¬ğŸ‡§ UK
0198843135,ğŸ‡®ğŸ‡³ India
0198843135,ğŸœ Asia
0198843135,ğŸ­ Late Modern
0198843135,ğŸ¥ Europe
0198843135,ğŸš½ Social
0198851626,â›©ï¸ All periods
0198851626,ğŸ‡«ğŸ‡· France
0198851626,ğŸ•¯ï¸ Cultural
0198851626,ğŸ¥ Europe
0198851626,ğŸš½ Social
0198852088,ğŸ­ Late Modern
0198852088,ğŸ•¯ï¸ Cultural
0198852088,ğŸ¥ Europe
0198853017,ğŸ‡¬ğŸ‡· Greece
0198853017,ğŸ›ï¸ Ancient
0198853017,ğŸ‘‘ Political
0198853017,ğŸ¥ Europe
0198854315,ğŸ›ï¸ Ancient
0198854315,ğŸ•¯ï¸ Cultural
0198854315,ğŸ¥ Europe
0198856482,ğŸ° Middle Ages
0198856482,ğŸ’° Economic
0198856482,ğŸ¥ Europe
0198861303,â›ª Early Modern
0198861303,ğŸ‡¬ğŸ‡§ UK
0198861303,ğŸ‘‘ Political
0198861303,ğŸ•¯ï¸ Cultural
0198861303,ğŸ¥ Europe
0198861559,â›ª Early Modern
0198861559,ğŸ‡¬ğŸ‡± Greenland
0198861559,ğŸ‡ºğŸ‡¸ USA
0198861559,ğŸ” North America
0198861559,ğŸ° Middle Ages
0198861559,ğŸ•¯ï¸ Cultural
0198866089,ğŸ‡·ğŸ‡º Russia
0198866089,ğŸ—ï¸ Contemporary
0198866089,ğŸ­ Late Modern
0198866089,ğŸ‘‘ Political
0198866089,ğŸ•¯ï¸ Cultural
0198866089,ğŸ¥ Europe
0198870698,ğŸ­ Late Modern
0198870698,ğŸ“š Historiography
0198870698,ğŸ¥ Europe
0198873107,â›ª Early Modern
0198873107,ğŸ•¯ï¸ Cultural
0198873107,ğŸ¥ Europe
0198881835,ğŸ‡©ğŸ‡ª Germany
0198881835,ğŸ­ Late Modern
0198881835,ğŸ‘‘ Political
0198881835,ğŸ¥ Europe
0198881835,ğŸš½ Social
0198886330,â›ª Early Modern
0198886330,ğŸ•¯ï¸ Cultural
0198886330,ğŸ¥ Europe
0198886330,ğŸš½ Social
0198889445,â›ª Early Modern
0198889445,ğŸ‡¬ğŸ‡§ UK
0198889445,ğŸ­ Late Modern
0198889445,ğŸ’° Economic
0198889445,ğŸ•¯ï¸ Cultural
0198889445,ğŸ¥ Europe
0198894481,â›ª Early Modern
0198894481,ğŸ‡©ğŸ‡ª Germany
0198894481,ğŸ’° Economic
0198894481,ğŸ¥ Europe
0199373191,ğŸ—ï¸ Contemporary
0199373191,ğŸ­ Late Modern
0199373191,ğŸ‘‘ Political
0199373191,ğŸ¥ Europe
0199568952,ğŸ‡«ğŸ‡· France
0199568952,ğŸ” North America
0199568952,ğŸ­ Late Modern
0199568952,ğŸ‘‘ Political
0199641579,ğŸ° Middle Ages
0199641579,ğŸ•¯ï¸ Cultural
0199641579,ğŸ¥ Europe
0199664730,â›©ï¸ All periods
0199664730,ğŸ‘‘ Political
0199664730,ğŸ¥ Europe
0199664730,ğŸš½ Social
0199858683,ğŸ‡ªğŸ‡¬ Egypt
0199858683,ğŸ— Africa
0199858683,ğŸœ Asia
0199858683,ğŸ›ï¸ Ancient
0199858683,ğŸ‘‘ Political
0199951063,âš”ï¸ Military
0199951063,ğŸ‡«ğŸ‡· France
0199951063,ğŸ­ Global
0199951063,ğŸ­ Late Modern
0199999783,ğŸ† Wolfson prize winner
0199999783,ğŸ›ï¸ Ancient
0199999783,ğŸ‘‘ Political
0199999783,ğŸ¥ Europe
0199999783,ğŸš½ Social
0241003172,â›ª Early Modern
0241003172,ğŸ— Africa
0241003172,ğŸ­ Late Modern
0241003172,ğŸ‘‘ Political
0241003172,ğŸ’° Economic
0241003393,â›©ï¸ All periods
0241003393,ğŸ­ Global
0241003393,ğŸ‘‘ Political
0241003393,ğŸš½ Social
0241003911,â›©ï¸ All periods
0241003911,ğŸ•¯ï¸ Cultural
0241003911,ğŸ¥ Europe
0241004101,ğŸ‡¬ğŸ‡· Greece
0241004101,ğŸ­ Late Modern
0241004101,ğŸ‘‘ Political
0241004101,ğŸ¥ Europe
0241004284,ğŸ† Wolfson prize winner
0241004284,ğŸ—ï¸ Contemporary
0241004284,ğŸ¥ Europe
0241004284,ğŸš½ Social
0241004829,â›ª Early Modern
0241004829,ğŸ” North America
0241004829,ğŸ•¯ï¸ Cultural
0241004829,ğŸ¥ Europe
0241004896,ğŸ­ Late Modern
0241004896,ğŸ¥ Europe
0241004896,ğŸš½ Social
0241199042,â›ª Early Modern
0241199042,ğŸ— Africa
0241199042,ğŸœ Asia
0241199042,ğŸ—ï¸ Contemporary
0241199042,ğŸ­ Late Modern
0241199042,ğŸ° Middle Ages
0241199042,ğŸ‘‘ Political
0241215919,â›©ï¸ All periods
0241215919,ğŸ•¯ï¸ Cultural
0241215919,ğŸ¥ Europe
0241215919,Anglo Saxons
0241242142,â›ª Early Modern
0241242142,ğŸŒ½ Central and S America
0241242142,ğŸ‘‘ Political
0241243211,â›ª Early Modern
0241243211,ğŸ‡³ğŸ‡± Netherlands
0241243211,ğŸ‘‘ Political
0241243211,ğŸ•¯ï¸ Cultural
0241243211,ğŸ¥ Europe
0241243211,ğŸš½ Social
0241262313,âš”ï¸ Military
0241262313,ğŸ‡³ğŸ‡µ Nepal
0241262313,ğŸœ Asia
0241262313,ğŸ­ Late Modern
0241283981,ğŸ° Middle Ages
0241283981,ğŸ•¯ï¸ Cultural
0241283981,ğŸ¥ Europe
0241283981,ğŸš½ Social
0241284422,â›©ï¸ All periods
0241284422,ğŸ­ Global
0241284422,ğŸ‘‘ Political
0241284422,ğŸ•¯ï¸ Cultural
024128581X,â›ª Early Modern
024128581X,ğŸ‡¬ğŸ‡§ UK
024128581X,ğŸ† Wolfson prize winner
024128581X,ğŸ‘‘ Political
024128581X,ğŸ•¯ï¸ Cultural
024128581X,ğŸ¥ Europe
0241287898,â›ª Early Modern
0241287898,ğŸ‡¬ğŸ‡§ UK
0241287898,ğŸ¥ Europe
0241287898,ğŸš½ Social
024129147X,âš”ï¸ Military
024129147X,ğŸ‡©ğŸ‡ª Germany
024129147X,ğŸ‡·ğŸ‡º Russia
024129147X,ğŸ—ï¸ Contemporary
024129147X,ğŸ¥ Europe
0241293812,ğŸ‡­ğŸ‡¹ Haiti
0241293812,ğŸ” North America
0241293812,ğŸ† Wolfson prize winner
0241293812,ğŸ­ Late Modern
0241293812,ğŸ‘‘ Political
0241293812,ğŸš½ Social
0241294819,â›©ï¸ All periods
0241294819,ğŸ­ Global
0241294819,ğŸ•¯ï¸ Cultural
0241295858,ğŸ‡¨ğŸ‡³ China
0241295858,ğŸœ Asia
0241295858,ğŸ­ Late Modern
0241295858,ğŸ•¯ï¸ Cultural
0241332621,â›ª Early Modern
0241332621,ğŸ‡¦ğŸ‡¹ Austria
0241332621,ğŸ‡­ğŸ‡º Hungary
0241332621,ğŸ­ Late Modern
0241332621,ğŸ‘‘ Political
0241332621,ğŸ¥ Europe
0241347165,âš”ï¸ Military
0241347165,ğŸ­ Late Modern
0241347165,ğŸ¥ Europe
0241347661,ğŸ­ Late Modern
0241347661,ğŸ‘‘ Political
0241347661,ğŸ¥ Europe
0241347661,ğŸš½ Social
0241349826,â›ª Early Modern
0241349826,ğŸ‡¬ğŸ‡§ UK
0241349826,ğŸ‘‘ Political
0241349826,ğŸ¥ Europe
0241349826,ğŸš½ Social
024135126X,ğŸ­ Global
024135126X,ğŸ° Middle Ages
024135126X,ğŸ‘‘ Political
024135126X,ğŸ’° Economic
024136826X,â›©ï¸ All periods
024136826X,ğŸ‡¬ğŸ‡§ UK
024136826X,ğŸ‘‘ Political
024136826X,ğŸ¥ Europe
024136826X,ğŸš½ Social
0241370493,â›©ï¸ All periods
0241370493,ğŸ­ Global
0241370493,ğŸš½ Social
0241374235,â›©ï¸ All periods
0241374235,ğŸ” North America
0241374235,ğŸ•¯ï¸ Cultural
0241374235,ğŸ¥ Europe
0241374251,â›ª Early Modern
0241374251,ğŸ‡¬ğŸ‡§ UK
0241374251,ğŸ•¯ï¸ Cultural
0241374251,ğŸ¥ Europe
0241388643,ğŸ­ Global
0241388643,ğŸ­ Late Modern
0241388643,ğŸ’° Economic
0241388708,ğŸ—ï¸ Contemporary
0241388708,ğŸ‘‘ Political
0241388708,ğŸ¥ Europe
0241388708,ğŸš½ Social
0241389534,ğŸ­ Global
0241389534,ğŸ­ Late Modern
0241389534,ğŸš½ Social
0241389534,Roman
0241389682,âš”ï¸ Military
0241389682,ğŸ‡©ğŸ‡ª Germany
0241389682,ğŸ—ï¸ Contemporary
0241389682,ğŸ¥ Europe
0241396735,â›©ï¸ All periods
0241396735,ğŸ­ Global
0241396735,ğŸ•¯ï¸ Cultural
0241396735,Technology
0241402425,â›º Pre-Historic
0241402425,ğŸ­ Global
0241402425,ğŸš½ Social
0241413338,â›ª Early Modern
0241413338,ğŸ‡¬ğŸ‡§ UK
0241413338,ğŸ­ Late Modern
0241413338,ğŸ‘‘ Political
0241413338,ğŸ¥ Europe
0241413389,â›ª Early Modern
0241413389,ğŸ‡ºğŸ‡¸ USA
0241413389,ğŸ” North America
0241413389,ğŸš½ Social
0241426227,ğŸ­ Global
0241426227,ğŸ—ï¸ Contemporary
0241426227,ğŸ­ Late Modern
0241426227,ğŸš½ Social
0241427266,â›©ï¸ All periods
0241427266,ğŸ­ Global
0241427266,ğŸ•¯ï¸ Cultural
024144067X,ğŸ— Africa
024144067X,ğŸ­ Global
024144067X,ğŸï¸ Pre-Human
024144067X,ğŸµ Evolutionary
0241444322,ğŸ‡¹ğŸ‡· Turkey
0241444322,ğŸœ Asia
0241444322,ğŸ­ Late Modern
0241444322,ğŸ‘‘ Political
0241444322,ğŸ¥ Europe
0241445299,â›ª Early Modern
0241445299,ğŸ‡¬ğŸ‡§ UK
0241445299,ğŸ­ Global
0241445299,ğŸ­ Late Modern
0241445299,ğŸ‘‘ Political
0241445299,ğŸš½ Social
0241448816,â›©ï¸ All periods
0241448816,ğŸœ Asia
0241448816,ğŸ•¯ï¸ Cultural
0241448816,ğŸ¥ Europe
024145025X,ğŸ‡«ğŸ‡· France
024145025X,ğŸ—ï¸ Contemporary
024145025X,ğŸ‘‘ Political
024145025X,ğŸ¥ Europe
0241454735,ğŸ‡¨ğŸ‡º Cuba
0241454735,ğŸ‡·ğŸ‡º Russia
0241454735,ğŸ‡ºğŸ‡¸ USA
0241454735,ğŸ” North America
0241454735,ğŸ—ï¸ Contemporary
0241454735,ğŸ‘‘ Political
024145879X,â›©ï¸ All periods
024145879X,ğŸ•¯ï¸ Cultural
024145879X,ğŸ¥ Europe
0241464129,ğŸ‡¬ğŸ‡§ UK
0241464129,ğŸ­ Late Modern
0241464129,ğŸ“š Historiography
0241464129,ğŸ¥ Europe
024146966X,âš”ï¸ Military
024146966X,ğŸ­ Late Modern
024146966X,ğŸ¥ Europe
024146966X,Witches
0241469732,â›ª Early Modern
0241469732,ğŸ‡¬ğŸ‡§ UK
0241469732,ğŸ‘‘ Political
0241469732,ğŸ¥ Europe
0241472709,ğŸ‡¨ğŸ‡³ China
0241472709,ğŸœ Asia
0241472709,ğŸ›ï¸ Ancient
0241472709,ğŸ•¯ï¸ Cultural
0241478340,âš”ï¸ Military
0241478340,â›ª Early Modern
0241478340,ğŸ­ Global
0241478340,ğŸ•¯ï¸ Cultural
0241483603,ğŸ‡®ğŸ‡¹ Italy
0241483603,ğŸ—ï¸ Contemporary
0241483603,ğŸ‘‘ Political
0241483603,ğŸ¥ Europe
0241488443,â›©ï¸ All periods
0241488443,ğŸ­ Global
0241488443,ğŸ‘‘ Political
0241506158,â›©ï¸ All periods
0241506158,ğŸ‘‘ Political
0241506158,ğŸ¥ Europe
0241519020,â›ª Early Modern
0241519020,ğŸ—ï¸ Contemporary
0241519020,ğŸ­ Late Modern
0241519020,ğŸ° Middle Ages
0241519020,ğŸ¥ Europe
0241519020,ğŸš½ Social
0241523427,â›ª Early Modern
0241523427,ğŸ­ Late Modern
0241523427,ğŸ•¯ï¸ Cultural
0241523427,ğŸ¥ Europe
0241523559,ğŸ” North America
0241523559,ğŸ­ Late Modern
0241523559,ğŸš½ Social
0241524512,ğŸ›ï¸ Ancient
0241524512,ğŸ•¯ï¸ Cultural
0241524512,ğŸ¥ Europe
0241524946,ğŸ‡¨ğŸ‡³ China
0241524946,ğŸœ Asia
0241524946,ğŸ—ï¸ Contemporary
0241524946,ğŸ“š Historiography
0241524946,ğŸ•¯ï¸ Cultural
0241530849,ğŸ— Africa
0241530849,ğŸœ Asia
0241530849,ğŸ° Middle Ages
0241530849,ğŸ¥ Europe
0241530849,ğŸš½ Social
0241532418,ğŸ—ï¸ Contemporary
0241532418,ğŸ­ Late Modern
0241532418,ğŸ‘‘ Political
0241532418,ğŸ¥ Europe
024153500X,âš”ï¸ Military
024153500X,ğŸ‡ºğŸ‡¸ USA
024153500X,ğŸ” North America
024153500X,ğŸ—ï¸ Contemporary
024155215X,ğŸ‡ªğŸ‡¬ Egypt
024155215X,ğŸ— Africa
024155215X,ğŸ›ï¸ Ancient
024155215X,ğŸ‘‘ Political
0241552176,ğŸ‡©ğŸ‡° Denmark
0241552176,ğŸ‡¬ğŸ‡§ UK
0241552176,ğŸ‡³ğŸ‡´ Norway
0241552176,ğŸ‡¸ğŸ‡ª Sweden
0241552176,ğŸ° Middle Ages
0241552176,ğŸ‘‘ Political
0241552176,ğŸ¥ Europe
0241552176,ğŸš½ Social
0241552192,â›ª Early Modern
0241552192,ğŸ‡²ğŸ‡½ Mexico
0241552192,ğŸŒ½ Central and S America
0241552192,ğŸ‘‘ Political
024155277X,ğŸ‡«ğŸ‡· France
024155277X,ğŸ° Middle Ages
024155277X,ğŸ‘‘ Political
024155277X,ğŸ¥ Europe
0241553784,ğŸ‡©ğŸ‡ª Germany
0241553784,ğŸ—ï¸ Contemporary
0241553784,ğŸ‘‘ Political
0241553784,ğŸ¥ Europe
0241553784,ğŸš½ Social
0241558220,â›©ï¸ All periods
0241558220,ğŸ­ Global
0241558220,ğŸ‘‘ Political
0241558220,ğŸ’° Economic
0241558220,ğŸš½ Social
0241561639,ğŸ‡¬ğŸ‡§ UK
0241561639,ğŸ­ Late Modern
0241561639,ğŸ¥ Europe
0241561639,ğŸš½ Social
0241583829,â›ª Early Modern
0241583829,ğŸ‡¬ğŸ‡§ UK
0241583829,ğŸ—ï¸ Contemporary
0241583829,ğŸ­ Late Modern
0241583829,ğŸ¥ Europe
0241583829,ğŸš½ Social
0241600413,ğŸ‡¬ğŸ‡§ UK
0241600413,ğŸ­ Global
0241600413,ğŸ—ï¸ Contemporary
0241600413,ğŸ­ Late Modern
0241600413,ğŸ‘‘ Political
0241600413,ğŸš½ Social
0241611407,ğŸ‡²ğŸ‡¬ Madagascar
0241611407,ğŸ— Africa
0241611407,ğŸ­ Late Modern
0241611407,ğŸ‘‘ Political
0241611407,ğŸ•¯ï¸ Cultural
0241646901,ğŸ‡¸ğŸ‡¾ Syria
0241646901,ğŸœ Asia
0241646901,ğŸ­ Late Modern
0241646901,ğŸ‘‘ Political
0241646901,ğŸš½ Social
0241692415,â›ª Early Modern
0241692415,ğŸ­ Global
0241692415,ğŸ—ï¸ Contemporary
0241692415,ğŸ­ Late Modern
0241692415,ğŸ‘‘ Political
0241950759,ğŸ— Africa
0241950759,ğŸ† Wolfson prize winner
0241950759,ğŸ›ï¸ Ancient
0241950759,ğŸ•¯ï¸ Cultural
0241950759,ğŸ¥ Europe
0241950759,Slavery
0262044870,ğŸ›ï¸ Ancient
0262044870,ğŸ“š Historiography
0262044870,ğŸ¥ Europe
0281082405,â›ª Early Modern
0281082405,ğŸ‡¬ğŸ‡§ UK
0281082405,ğŸ‘‘ Political
0281082405,ğŸ•¯ï¸ Cultural
0281082405,ğŸ¥ Europe
0295750243,ğŸ‡ºğŸ‡¸ USA
0295750243,ğŸ­ Global
0295750243,ğŸ—ï¸ Contemporary
0295750243,ğŸ­ Late Modern
0295750243,ğŸ’° Economic
0295750243,ğŸš½ Social
0297869671,â›©ï¸ All periods
0297869671,ğŸ­ Global
0297869671,ğŸ‘‘ Political
0297869809,â›©ï¸ All periods
0297869809,ğŸ¥ Europe
0297869809,ğŸš½ Social
0297871005,ğŸ‡ºğŸ‡¸ USA
0297871005,ğŸ” North America
0297871005,ğŸ—ï¸ Contemporary
0297871005,ğŸ‘‘ Political
0300115725,â›ª Early Modern
0300115725,ğŸ‡¬ğŸ‡§ UK
0300115725,ğŸ‘‘ Political
0300115725,ğŸ•¯ï¸ Cultural
0300115725,ğŸ¥ Europe
0300115725,Ottomans
0300162723,â›ª Early Modern
0300162723,ğŸ‡¬ğŸ‡§ UK
0300162723,ğŸ‘‘ Political
0300162723,ğŸ¥ Europe
0300166656,â›ª Early Modern
0300166656,ğŸ‡¨ğŸ‡³ China
0300166656,ğŸ‡·ğŸ‡º Russia
0300166656,ğŸœ Asia
0300166656,ğŸ—ï¸ Contemporary
0300166656,ğŸ­ Late Modern
0300166656,ğŸ‘‘ Political
0300179049,ğŸ‡·ğŸ‡º Russia
0300179049,ğŸ­ Late Modern
0300179049,ğŸ•¯ï¸ Cultural
0300179049,ğŸ¥ Europe
0300180284,â›©ï¸ All periods
0300180284,ğŸœ Asia
0300180284,ğŸ‘‘ Political
0300180284,ğŸ•¯ï¸ Cultural
0300180284,ğŸ¥ Europe
0300180284,ğŸš½ Social
0300180330,ğŸ° Middle Ages
0300180330,ğŸ‘‘ Political
0300180330,ğŸ¥ Europe
0300180330,ğŸš½ Social
030018056X,ğŸ¤ Australasia
030018056X,ğŸ† Wolfson prize winner
030018056X,ğŸ­ Late Modern
030018056X,ğŸš½ Social
030018056X,Diplomacy
0300198663,ğŸ‡ºğŸ‡¸ USA
0300198663,ğŸ” North America
0300198663,ğŸ—ï¸ Contemporary
0300198663,ğŸ­ Late Modern
0300198663,ğŸš½ Social
030020633X,ğŸ‡«ğŸ‡· France
030020633X,ğŸ‡®ğŸ‡ª Ireland
030020633X,ğŸ‡ºğŸ‡¸ USA
030020633X,ğŸŒ½ Central and S America
030020633X,ğŸ” North America
030020633X,ğŸ­ Late Modern
030020633X,ğŸ‘‘ Political
030020633X,ğŸ¥ Europe
030021149X,â›ª Early Modern
030021149X,ğŸ‡¬ğŸ‡§ UK
030021149X,ğŸ‘‘ Political
030021149X,ğŸ¥ Europe
0300211546,ğŸ‡¬ğŸ‡§ UK
0300211546,ğŸ° Middle Ages
0300211546,ğŸ‘‘ Political
0300211546,ğŸ¥ Europe
030021779X,ğŸ‡®ğŸ‡· Iran
030021779X,ğŸœ Asia
030021779X,ğŸ—ï¸ Contemporary
030021779X,ğŸ‘‘ Political
0300217900,ğŸ‡¬ğŸ‡§ UK
0300217900,ğŸ­ Late Modern
0300217900,ğŸ•¯ï¸ Cultural
0300217900,ğŸ¥ Europe
0300217900,ğŸš½ Social
0300223838,ğŸ‡¬ğŸ‡§ UK
0300223838,ğŸ­ Late Modern
0300223838,ğŸ•¯ï¸ Cultural
0300223838,ğŸ¥ Europe
0300227256,ğŸ‡¬ğŸ‡§ UK
0300227256,ğŸ° Middle Ages
0300227256,ğŸ‘‘ Political
0300227256,ğŸ¥ Europe
0300227493,ğŸ‡¬ğŸ‡§ UK
0300227493,ğŸ— Africa
0300227493,ğŸ­ Late Modern
0300227493,ğŸ‘‘ Political
0300227493,ğŸ¥ Europe
0300230109,â›ª Early Modern
0300230109,ğŸ‡ºğŸ‡¸ USA
0300230109,ğŸ” North America
0300230109,ğŸ•¯ï¸ Cultural
0300230109,ğŸš½ Social
0300232225,â›©ï¸ All periods
0300232225,ğŸ•¯ï¸ Cultural
0300232225,ğŸ¥ Europe
0300234589,â›ª Early Modern
0300234589,ğŸ‡¬ğŸ‡§ UK
0300234589,ğŸ† Wolfson prize winner
0300234589,ğŸ•¯ï¸ Cultural
0300234589,ğŸ¥ Europe
0300234589,Romans
0300234961,ğŸ‡ºğŸ‡¸ USA
0300234961,ğŸ” North America
0300234961,ğŸ­ Late Modern
0300234961,ğŸ‘‘ Political
0300234961,ğŸ“š Historiography
0300236050,â›ª Early Modern
0300236050,ğŸ‡³ğŸ‡± Netherlands
0300236050,ğŸ­ Global
0300236050,ğŸ­ Late Modern
0300236050,ğŸ’° Economic
0300236050,ğŸ•¯ï¸ Cultural
0300236808,ğŸ‡ºğŸ‡¸ USA
0300236808,ğŸ” North America
0300236808,ğŸ­ Late Modern
0300236808,ğŸ•¯ï¸ Cultural
0300238355,ğŸ‡¬ğŸ‡§ UK
0300238355,ğŸ° Middle Ages
0300238355,ğŸ‘‘ Political
0300238355,ğŸ¥ Europe
0300238452,â›©ï¸ All periods
0300238452,ğŸ” North America
0300238452,ğŸ“š Historiography
0300238452,ğŸ¥ Europe
0300243324,ğŸ—ï¸ Contemporary
0300243324,ğŸ¥ Europe
0300243324,ğŸš½ Social
0300243588,ğŸ‡¬ğŸ‡§ UK
0300243588,ğŸ­ Late Modern
0300243588,ğŸ•¯ï¸ Cultural
0300243588,ğŸ¥ Europe
0300244053,â›ª Early Modern
0300244053,ğŸ‡ºğŸ‡¸ USA
0300244053,ğŸ” North America
0300244053,ğŸ—ï¸ Contemporary
0300244053,ğŸ­ Late Modern
0300244053,ğŸ‘‘ Political
0300245645,â›©ï¸ All periods
0300245645,ğŸ‡·ğŸ‡º Russia
0300245645,ğŸœ Asia
0300245645,ğŸ‘‘ Political
0300245645,ğŸ¥ Europe
0300245645,ğŸš½ Social
0300245718,âš”ï¸ Military
0300245718,ğŸ‡¬ğŸ‡§ UK
0300245718,ğŸ­ Late Modern
0300245718,ğŸ¥ Europe
0300245718,ğŸš½ Social
0300246293,ğŸ° Middle Ages
0300246293,ğŸ¥ Europe
0300246293,ğŸš½ Social
030024648X,â›ª Early Modern
030024648X,ğŸ‡¬ğŸ‡§ UK
030024648X,ğŸ­ Global
030024648X,ğŸ­ Late Modern
030024648X,ğŸš½ Social
0300247338,ğŸ‡ºğŸ‡¸ USA
0300247338,ğŸ” North America
0300247338,ğŸ­ Late Modern
0300247338,ğŸš½ Social
0300248059,ğŸ‡¬ğŸ‡§ UK
0300248059,ğŸ° Middle Ages
0300248059,ğŸ‘‘ Political
0300248059,ğŸ¥ Europe
0300248784,â›ª Early Modern
0300248784,ğŸ‡¬ğŸ‡§ UK
0300248784,ğŸ¥ Europe
0300248784,ğŸš½ Social
0300248784,Fashion
0300249837,â›ª Early Modern
0300249837,ğŸ‡¬ğŸ‡§ UK
0300249837,ğŸ­ Late Modern
0300249837,ğŸ° Middle Ages
0300249837,ğŸ¥ Europe
0300249837,ğŸš½ Social
0300250045,â›©ï¸ All periods
0300250045,ğŸ‡¨ğŸ‡³ China
0300250045,ğŸœ Asia
0300250045,ğŸ’° Economic
030025072X,â›ª Early Modern
030025072X,ğŸ‡¬ğŸ‡§ UK
030025072X,ğŸ‡®ğŸ‡³ India
030025072X,ğŸœ Asia
030025072X,ğŸ­ Late Modern
030025072X,ğŸ‘‘ Political
030025072X,ğŸ’° Economic
030025072X,ğŸ¥ Europe
0300251122,ğŸœ Asia
0300251122,ğŸ° Middle Ages
0300251122,ğŸ‘‘ Political
0300251270,â›ª Early Modern
0300251270,ğŸ‡®ğŸ‡³ India
0300251270,ğŸœ Asia
0300251270,ğŸš½ Social
0300251335,ğŸ‡«ğŸ‡· France
0300251335,ğŸ­ Late Modern
0300251335,ğŸ‘‘ Political
0300251335,ğŸ•¯ï¸ Cultural
0300251335,ğŸ¥ Europe
0300252560,ğŸ‡«ğŸ‡· France
0300252560,ğŸ­ Late Modern
0300252560,ğŸ•¯ï¸ Cultural
0300252560,ğŸ¥ Europe
0300253117,ğŸ° Middle Ages
0300253117,ğŸ‘‘ Political
0300253117,ğŸ¥ Europe
0300253567,ğŸ‡«ğŸ‡· France
0300253567,ğŸ‡¬ğŸ‡§ UK
0300253567,ğŸ­ Late Modern
0300253567,ğŸ’° Economic
0300253567,ğŸ¥ Europe
0300253575,â›ª Early Modern
0300253575,ğŸ‡¬ğŸ‡§ UK
0300253575,ğŸ­ Late Modern
0300253575,ğŸ‘‘ Political
0300253575,ğŸ•¯ï¸ Cultural
0300253575,ğŸ¥ Europe
0300253575,ğŸš½ Social
0300253583,ğŸ‡«ğŸ‡· France
0300253583,ğŸ‡¬ğŸ‡§ UK
0300253583,ğŸ° Middle Ages
0300253583,ğŸ‘‘ Political
0300253583,ğŸ¥ Europe
0300253931,ğŸ‡·ğŸ‡º Russia
0300253931,ğŸ­ Late Modern
0300253931,ğŸ•¯ï¸ Cultural
0300253931,ğŸ¥ Europe
0300253931,ğŸš½ Social
0300254172,â›ª Early Modern
0300254172,ğŸ‡¬ğŸ‡§ UK
0300254172,ğŸ—ï¸ Contemporary
0300254172,ğŸ­ Late Modern
0300254172,ğŸ‘‘ Political
0300254172,ğŸ•¯ï¸ Cultural
0300254172,ğŸ¥ Europe
0300254431,ğŸ›ï¸ Ancient
0300254431,ğŸ‘‘ Political
0300254431,ğŸ¥ Europe
0300254806,âš”ï¸ Military
0300254806,ğŸ° Middle Ages
0300254806,ğŸ¥ Europe
0300255055,â›©ï¸ All periods
0300255055,ğŸ‡¬ğŸ‡§ UK
0300255055,ğŸ¥ Europe
0300255055,ğŸš½ Social
0300256507,â›ª Early Modern
0300256507,ğŸ‡¬ğŸ‡§ UK
0300256507,ğŸ•¯ï¸ Cultural
0300256507,ğŸ¥ Europe
0300256647,ğŸ›ï¸ Ancient
0300256647,ğŸ‘‘ Political
0300256647,ğŸ•¯ï¸ Cultural
0300256647,ğŸ¥ Europe
0300256744,ğŸ‡ªğŸ‡¬ Egypt
0300256744,ğŸ— Africa
0300256744,ğŸ­ Late Modern
0300256744,ğŸ‘‘ Political
0300256795,â›©ï¸ All periods
0300256795,ğŸ­ Global
0300256795,ğŸš½ Social
0300257325,ğŸ‡ºğŸ‡¸ USA
0300257325,ğŸ” North America
0300257325,ğŸ­ Late Modern
0300257325,ğŸš½ Social
0300257457,â›ª Early Modern
0300257457,ğŸ‡¬ğŸ‡§ UK
0300257457,ğŸ‘‘ Political
0300257457,ğŸ¥ Europe
0300257619,â›ª Early Modern
0300257619,ğŸŒ½ Central and S America
0300257619,ğŸ” North America
0300257619,ğŸ— Africa
0300257619,ğŸ­ Late Modern
0300257619,ğŸ’° Economic
0300257619,ğŸ¥ Europe
030025928X,â›©ï¸ All periods
030025928X,ğŸ­ Global
030025928X,ğŸ‘‘ Political
030025928X,ğŸš½ Social
0300259816,ğŸ‡°ğŸ‡µ North Korea
0300259816,ğŸ‡°ğŸ‡· South Korea
0300259816,ğŸœ Asia
0300259816,ğŸ—ï¸ Contemporary
0300259816,ğŸ­ Late Modern
0300259816,ğŸ‘‘ Political
0300259867,âš”ï¸ Military
0300259867,â›ª Early Modern
0300259867,ğŸ‡ªğŸ‡¸ Spain
0300259867,ğŸ‡¬ğŸ‡§ UK
0300259867,ğŸ‘‘ Political
0300259867,ğŸ¥ Europe
0300259867,Mesopotamia
0300260784,ğŸ‡¬ğŸ‡§ UK
0300260784,ğŸ­ Global
0300260784,ğŸ­ Late Modern
0300260784,ğŸ•¯ï¸ Cultural
0300261012,â›©ï¸ All periods
0300261012,ğŸ•¯ï¸ Cultural
0300261012,ğŸ¥ Europe
0300263597,â›ª Early Modern
0300263597,ğŸ‡ºğŸ‡¸ USA
0300263597,ğŸ” North America
0300263597,ğŸ­ Late Modern
0300263597,ğŸš½ Social
0300264453,ğŸ‡¬ğŸ‡§ UK
0300264453,ğŸ° Middle Ages
0300264453,ğŸ‘‘ Political
0300264453,ğŸ’° Economic
0300264453,ğŸ¥ Europe
0300266200,ğŸ‡¬ğŸ‡§ UK
0300266200,ğŸ­ Late Modern
0300266200,ğŸ¥ Europe
0300266200,ğŸš½ Social
0300266324,â›ª Early Modern
0300266324,ğŸ‡¬ğŸ‡§ UK
0300266324,ğŸ‘‘ Political
0300266324,ğŸ¥ Europe
0300266324,ğŸš½ Social
0300266588,ğŸ‡¬ğŸ‡§ UK
0300266588,ğŸ—ï¸ Contemporary
0300266588,ğŸ¥ Europe
0300266588,ğŸš½ Social
0300267479,â›ª Early Modern
0300267479,ğŸœ Asia
0300267479,ğŸ‘‘ Political
0300267479,ğŸ’° Economic
0300267479,ğŸ¥ Europe
0300267541,â›ª Early Modern
0300267541,ğŸ‡¬ğŸ‡§ UK
0300267541,ğŸ•¯ï¸ Cultural
0300267541,ğŸ¥ Europe
0300267894,ğŸ­ Global
0300267894,ğŸ­ Late Modern
0300267894,ğŸ’° Economic
0300267894,ğŸš½ Social
0300267967,â›ª Early Modern
0300267967,ğŸ‡¬ğŸ‡§ UK
0300267967,ğŸ¥ Europe
0300267967,ğŸš½ Social
030026920X,â›ª Early Modern
030026920X,ğŸ‡¬ğŸ‡§ UK
030026920X,ğŸ—ï¸ Contemporary
030026920X,ğŸ­ Late Modern
030026920X,ğŸ•¯ï¸ Cultural
030026920X,ğŸ¥ Europe
0300272669,â›ª Early Modern
0300272669,ğŸ‡®ğŸ‡¹ Italy
0300272669,ğŸ­ Late Modern
0300272669,ğŸ•¯ï¸ Cultural
0300272669,ğŸ¥ Europe
0300273843,ğŸ‡ºğŸ‡¸ USA
0300273843,ğŸ” North America
0300273843,ğŸ­ Late Modern
0300273843,ğŸ•¯ï¸ Cultural
0306825554,âš”ï¸ Military
0306825554,â›ª Early Modern
0306825554,ğŸœ Asia
0306825554,ğŸ° Middle Ages
0306825554,ğŸ¥ Europe
0307262944,ğŸ‡ºğŸ‡¸ USA
0307262944,ğŸ” North America
0307262944,ğŸ—ï¸ Contemporary
0307262944,ğŸ‘‘ Political
0316453382,â›©ï¸ All periods
0316453382,ğŸ­ Global
0316453382,ğŸš½ Social
0340794704,â›ª Early Modern
0340794704,ğŸ‡¬ğŸ‡§ UK
0340794704,ğŸ‡²ğŸ‡¦ Morocco
0340794704,ğŸ— Africa
0340794704,ğŸ‘‘ Political
0340794704,ğŸ¥ Europe
0340794704,ğŸš½ Social
0367460998,ğŸ‡¨ğŸ‡³ China
0367460998,ğŸ‡¬ğŸ‡§ UK
0367460998,ğŸœ Asia
0367460998,ğŸ­ Late Modern
0367460998,ğŸ‘‘ Political
0367460998,ğŸ¥ Europe
0374148414,âš”ï¸ Military
0374148414,ğŸ‡¬ğŸ‡§ UK
0374148414,ğŸ­ Late Modern
0374148414,ğŸ¥ Europe
0374178690,â›ª Early Modern
0374178690,ğŸ‡©ğŸ‡ª Germany
0374178690,ğŸ•¯ï¸ Cultural
0374178690,ğŸ¥ Europe
0385353367,ğŸ‡ºğŸ‡¸ USA
0385353367,ğŸ” North America
0385353367,ğŸ­ Late Modern
0385353367,ğŸ‘‘ Political
0385543107,âš”ï¸ Military
0385543107,ğŸ‡ªğŸ‡¬ Egypt
0385543107,ğŸ— Africa
0385543107,ğŸ­ Late Modern
0393541010,ğŸ‡¨ğŸ‡¬ Congo
0393541010,ğŸ— Africa
0393541010,ğŸ­ Late Modern
0393541010,ğŸš½ Social
0393541991,â›©ï¸ All periods
0393541991,ğŸ‡³ğŸ‡µ Nepal
0393541991,ğŸœ Asia
0393541991,ğŸ‘‘ Political
0393541991,ğŸ•¯ï¸ Cultural
0393609456,ğŸ‡ºğŸ‡¸ USA
0393609456,ğŸ” North America
0393609456,ğŸ­ Late Modern
0393609456,ğŸš½ Social
0393634167,ğŸ­ Global
0393634167,ğŸ­ Late Modern
0393634167,ğŸ’° Economic
0393634167,ğŸš½ Social
0393652661,â›©ï¸ All periods
0393652661,ğŸ­ Global
0393652661,ğŸš½ Social
0393867811,ğŸ° Middle Ages
0393867811,ğŸ•¯ï¸ Cultural
0393867811,ğŸ¥ Europe
0451488989,ğŸ‡ºğŸ‡¸ USA
0451488989,ğŸ” North America
0451488989,ğŸ­ Late Modern
0451488989,ğŸ‘‘ Political
0465093817,ğŸ‡®ğŸ‡¹ Italy
0465093817,ğŸ›ï¸ Ancient
0465093817,ğŸ‘‘ Political
0465093817,ğŸ¥ Europe
0465093930,â›©ï¸ All periods
0465093930,ğŸ” North America
0465093930,ğŸ•¯ï¸ Cultural
0465093930,ğŸ¥ Europe
0465096662,ğŸ‡«ğŸ‡· France
0465096662,ğŸ­ Late Modern
0465096662,ğŸ‘‘ Political
0465096662,ğŸ¥ Europe
0465096662,ğŸš½ Social
0500022011,âš”ï¸ Military
0500022011,ğŸ‡¬ğŸ‡§ UK
0500022011,ğŸ° Middle Ages
0500022011,ğŸ¥ Europe
0500022534,â›©ï¸ All periods
0500022534,ğŸ‡®ğŸ‡ª Ireland
0500022534,ğŸ‘‘ Political
0500022534,ğŸ¥ Europe
0500022534,ğŸš½ Social
0500023298,ğŸœ Asia
0500023298,ğŸ° Middle Ages
0500023298,ğŸ‘‘ Political
0500023298,ğŸ¥ Europe
0500024197,â›º Pre-Historic
0500024197,ğŸ‡¬ğŸ‡§ UK
0500024197,ğŸ¥ Europe
0500024197,ğŸš½ Social
0500052115,ğŸ‡ªğŸ‡¬ Egypt
0500052115,ğŸ— Africa
0500052115,ğŸ›ï¸ Ancient
0500052115,ğŸš½ Social
0500052158,â›º Pre-Historic
0500052158,ğŸ›ï¸ Ancient
0500052158,ğŸ‘‘ Political
0500052158,ğŸ•¯ï¸ Cultural
0500052158,ğŸ¥ Europe
0500252440,â›©ï¸ All periods
0500252440,ğŸ­ Global
0500252440,ğŸš½ Social
0500252505,â›©ï¸ All periods
0500252505,ğŸ‡«ğŸ‡· France
0500252505,ğŸ‘‘ Political
0500252505,ğŸ¥ Europe
0500252521,â›©ï¸ All periods
0500252521,ğŸ— Africa
0500252521,ğŸ‘‘ Political
0500252637,ğŸ­ Global
0500252637,ğŸï¸ Pre-Human
0500252637,ğŸµ Evolutionary
0500252661,â›ª Early Modern
0500252661,ğŸ‡¹ğŸ‡· Turkey
0500252661,ğŸœ Asia
0500252661,ğŸ­ Late Modern
0500252661,ğŸ•¯ï¸ Cultural
0500252661,ğŸ¥ Europe
0520280849,â›ª Early Modern
0520280849,ğŸ‡§ğŸ‡´ Bolivia
0520280849,ğŸŒ½ Central and S America
0520280849,ğŸ­ Late Modern
0520280849,ğŸ‘‘ Political
0520280849,ğŸš½ Social
0520314204,ğŸ‡«ğŸ‡· France
0520314204,ğŸ° Middle Ages
0520314204,ğŸ‘‘ Political
0520314204,ğŸ¥ Europe
0520368568,ğŸ‡²ğŸ‡½ Mexico
0520368568,ğŸŒ½ Central and S America
0520368568,ğŸ­ Late Modern
0520368568,ğŸš½ Social
0520381580,ğŸ° Middle Ages
0520381580,ğŸ•¯ï¸ Cultural
0520381580,ğŸ¥ Europe
0525521542,âš”ï¸ Military
0525521542,ğŸ‡¬ğŸ‡§ UK
0525521542,ğŸ—ï¸ Contemporary
0525521542,ğŸ¥ Europe
0571311989,ğŸ‡¬ğŸ‡§ UK
0571311989,ğŸ° Middle Ages
0571311989,ğŸ‘‘ Political
0571311989,ğŸ¥ Europe
057133119X,ğŸ‡©ğŸ‡ª Germany
057133119X,ğŸ—ï¸ Contemporary
057133119X,ğŸ‘‘ Political
057133119X,ğŸ•¯ï¸ Cultural
057133119X,ğŸ¥ Europe
0571341772,ğŸ‡¬ğŸ‡§ UK
0571341772,ğŸ—ï¸ Contemporary
0571341772,ğŸ‘‘ Political
0571341772,ğŸ¥ Europe
0571353568,â›©ï¸ All periods
0571353568,ğŸ‡¬ğŸ‡· Greece
0571353568,ğŸ‘‘ Political
0571353568,ğŸ•¯ï¸ Cultural
0571353568,ğŸ¥ Europe
0571366341,âš”ï¸ Military
0571366341,ğŸ‡¬ğŸ‡§ UK
0571366341,ğŸ—ï¸ Contemporary
0571366341,ğŸ¥ Europe
067423717X,ğŸ­ Late Modern
067423717X,ğŸ•¯ï¸ Cultural
067423717X,ğŸ¥ Europe
0674237552,â›ª Early Modern
0674237552,ğŸ‡®ğŸ‡¹ Italy
0674237552,ğŸ‘‘ Political
0674237552,ğŸ•¯ï¸ Cultural
0674237552,ğŸ¥ Europe
0674238214,â›ª Early Modern
0674238214,ğŸ‡¨ğŸ‡³ China
0674238214,ğŸ‡°ğŸ‡µ North Korea
0674238214,ğŸ‡°ğŸ‡· South Korea
0674238214,ğŸœ Asia
0674238214,ğŸ—ï¸ Contemporary
0674238214,ğŸ­ Late Modern
0674238214,ğŸ‘‘ Political
0674238214,ğŸ•¯ï¸ Cultural
0674241843,ğŸ‡¨ğŸ‡³ China
0674241843,ğŸœ Asia
0674241843,ğŸ—ï¸ Contemporary
0674241843,ğŸ‘‘ Political
0674241843,Rome
0674244214,ğŸœ Asia
0674244214,ğŸ° Middle Ages
0674244214,ğŸ‘‘ Political
0674244214,ğŸ¥ Europe
0674244214,ğŸš½ Social
0674248384,ğŸœ Asia
0674248384,ğŸ›ï¸ Ancient
0674248384,ğŸ•¯ï¸ Cultural
0674248384,ğŸ¥ Europe
0674248449,ğŸ‡©ğŸ‡¿ Algeria
0674248449,ğŸ— Africa
0674248449,ğŸ—ï¸ Contemporary
0674248449,ğŸ­ Late Modern
0674248449,ğŸ‘‘ Political
0674248449,ğŸš½ Social
067427833X,ğŸ‡²ğŸ‡½ Mexico
067427833X,ğŸŒ½ Central and S America
067427833X,ğŸ›ï¸ Ancient
067427833X,ğŸš½ Social
0674279395,â›©ï¸ All periods
0674279395,ğŸ­ Global
0674279395,ğŸš½ Social
0674659589,ğŸ‡¨ğŸ‡³ China
0674659589,ğŸœ Asia
0674659589,ğŸ—ï¸ Contemporary
0674659589,ğŸ‘‘ Political
0674737520,â›ª Early Modern
0674737520,ğŸ•¯ï¸ Cultural
0674737520,ğŸ¥ Europe
0674737571,ğŸ‡¯ğŸ‡² Jamaica
0674737571,ğŸ” North America
0674737571,ğŸ­ Late Modern
0674737571,ğŸ‘‘ Political
0674737571,ğŸš½ Social
0674737903,ğŸ‡·ğŸ‡º Russia
0674737903,ğŸ­ Late Modern
0674737903,ğŸ•¯ï¸ Cultural
0674737903,ğŸ¥ Europe
0674916441,â›ª Early Modern
0674916441,ğŸ‡·ğŸ‡º Russia
0674916441,ğŸœ Asia
0674916441,ğŸ—ï¸ Contemporary
0674916441,ğŸ­ Late Modern
0674916441,ğŸ‘‘ Political
0674916441,ğŸ¥ Europe
0674916492,ğŸ‡©ğŸ‡ª Germany
0674916492,ğŸ— Africa
0674916492,ğŸ­ Late Modern
0674916492,ğŸ‘‘ Political
0674916492,ğŸ’° Economic
0674916492,Mongols
0674916573,â›©ï¸ All periods
0674916573,ğŸ‡¨ğŸ‡³ China
0674916573,ğŸ‡¯ğŸ‡µ Japan
0674916573,ğŸœ Asia
0674916573,ğŸ‘‘ Political
0674916573,ğŸ•¯ï¸ Cultural
0674971728,â›ª Early Modern
0674971728,ğŸ­ Global
0674971728,ğŸ­ Late Modern
0674971728,ğŸš½ Social
0674980832,â›ª Early Modern
0674980832,ğŸ—ï¸ Contemporary
0674980832,ğŸ­ Late Modern
0674980832,ğŸ° Middle Ages
0674980832,ğŸ‘‘ Political
0674980832,ğŸ•¯ï¸ Cultural
0674980832,ğŸ¥ Europe
0674984307,ğŸ‡¯ğŸ‡² Jamaica
0674984307,ğŸ” North America
0674984307,ğŸ­ Late Modern
0674984307,ğŸ‘‘ Political
0674984307,ğŸš½ Social
0674984447,ğŸ‡µğŸ‡¦ Panama
0674984447,ğŸŒ½ Central and S America
0674984447,ğŸ­ Late Modern
0674984447,ğŸš½ Social
0674987292,â›ª Early Modern
0674987292,ğŸ‡®ğŸ‡³ India
0674987292,ğŸœ Asia
0674987292,ğŸ‘‘ Political
067498790X,â›©ï¸ All periods
067498790X,ğŸ‡®ğŸ‡³ India
067498790X,ğŸœ Asia
067498790X,ğŸ‘‘ Political
067498790X,ğŸ•¯ï¸ Cultural
0674988116,ğŸ‡¨ğŸ‡³ China
0674988116,ğŸœ Asia
0674988116,ğŸ—ï¸ Contemporary
0674988116,ğŸ­ Late Modern
0674988116,ğŸ‘‘ Political
0674988183,ğŸ— Africa
0674988183,ğŸœ Asia
0674988183,ğŸ›ï¸ Ancient
0674988183,ğŸ•¯ï¸ Cultural
0674988183,ğŸ¥ Europe
0674988183,ğŸš½ Social
0674988388,ğŸ‡«ğŸ‡· France
0674988388,ğŸ—ï¸ Contemporary
0674988388,ğŸ­ Late Modern
0674988388,ğŸ‘‘ Political
0674988388,ğŸ¥ Europe
069115077X,â›ª Early Modern
069115077X,ğŸœ Asia
069115077X,ğŸ’° Economic
069115077X,ğŸ¥ Europe
0691154031,ğŸ‡¬ğŸ‡· Greece
0691154031,ğŸ‡®ğŸ‡³ India
0691154031,ğŸœ Asia
0691154031,ğŸ›ï¸ Ancient
0691154031,ğŸ•¯ï¸ Cultural
0691154031,ğŸš½ Social
0691156522,â›ª Early Modern
0691156522,ğŸ—ï¸ Contemporary
0691156522,ğŸ­ Late Modern
0691156522,ğŸ° Middle Ages
0691156522,ğŸ•¯ï¸ Cultural
0691156522,ğŸ¥ Europe
0691160090,ğŸ° Middle Ages
0691160090,ğŸ•¯ï¸ Cultural
0691160090,ğŸ¥ Europe
0691160090,ğŸš½ Social
0691161399,ğŸ‡°ğŸ‡¬ Kyrgyzstan
0691161399,ğŸ‡°ğŸ‡¿ Kazakhstan
0691161399,ğŸ‡¹ğŸ‡¯ Tajikistan
0691161399,ğŸ‡¹ğŸ‡² Turkmenistan
0691161399,ğŸ‡ºğŸ‡¿ Uzbekistan
0691161399,ğŸœ Asia
0691161399,ğŸ—ï¸ Contemporary
0691161399,ğŸ­ Late Modern
0691161399,ğŸ‘‘ Political
0691167109,âš”ï¸ Military
0691167109,ğŸ‡®ğŸ‡¹ Italy
0691167109,ğŸœ Asia
0691167109,ğŸ—ï¸ Contemporary
0691167109,ğŸ›ï¸ Ancient
0691167109,ğŸ•¯ï¸ Cultural
0691167125,ğŸ—ï¸ Contemporary
0691167125,ğŸ­ Late Modern
0691167125,ğŸ‘‘ Political
0691167125,ğŸ¥ Europe
0691175381,ğŸ‡ºğŸ‡¸ USA
0691175381,ğŸ” North America
0691175381,ğŸ­ Late Modern
0691175381,ğŸ’° Economic
0691177112,ğŸ‡¨ğŸ‡³ China
0691177112,ğŸ‡³ğŸ‡± Netherlands
0691177112,ğŸœ Asia
0691177112,ğŸ­ Late Modern
0691177112,ğŸ•¯ï¸ Cultural
0691177112,ğŸš½ Social
0691178909,ğŸ‡·ğŸ‡º Russia
0691178909,ğŸ­ Late Modern
0691178909,ğŸ¥ Europe
0691178909,ğŸš½ Social
0691179468,ğŸ” North America
0691179468,ğŸ­ Late Modern
0691179468,ğŸ‘‘ Political
0691179468,ğŸ•¯ï¸ Cultural
0691179468,ğŸ¥ Europe
0691181470,ğŸ‡¬ğŸ‡· Greece
0691181470,ğŸ›ï¸ Ancient
0691181470,ğŸ¥ Europe
0691181470,ğŸš½ Social
0691182795,â›ª Early Modern
0691182795,ğŸ­ Global
0691182795,ğŸ­ Late Modern
0691182795,ğŸ‘‘ Political
069119212X,â›©ï¸ All periods
069119212X,ğŸ­ Global
069119212X,ğŸš½ Social
0691192138,ğŸœ Asia
0691192138,ğŸ›ï¸ Ancient
0691192138,ğŸ‘‘ Political
0691192138,ğŸ¥ Europe
0691192138,ğŸš½ Social
0691194742,â›ª Early Modern
0691194742,ğŸ‡¬ğŸ‡§ UK
0691194742,ğŸ’° Economic
0691194742,ğŸ¥ Europe
0691200300,ğŸ‡«ğŸ‡· France
0691200300,ğŸ­ Late Modern
0691200300,ğŸ¥ Europe
0691200300,ğŸš½ Social
0691208018,ğŸ›ï¸ Ancient
0691208018,ğŸ‘‘ Political
0691208018,ğŸ’° Economic
0691208018,ğŸ¥ Europe
0691208018,ğŸš½ Social
0691210470,ğŸ‡¬ğŸ‡· Greece
0691210470,ğŸ›ï¸ Ancient
0691210470,ğŸ•¯ï¸ Cultural
0691210470,ğŸ¥ Europe
0691215669,ğŸ° Middle Ages
0691215669,ğŸ¥ Europe
0691215669,ğŸš½ Social
0691220522,ğŸ‡¬ğŸ‡§ UK
0691220522,ğŸ­ Late Modern
0691220522,ğŸ’° Economic
0691220522,ğŸ¥ Europe
0691220522,ğŸš½ Social
0691222363,â›©ï¸ All periods
0691222363,ğŸ›ï¸ Ancient
0691222363,ğŸ•¯ï¸ Cultural
0691222363,ğŸ¥ Europe
0691225451,ğŸ‡¨ğŸ‡³ China
0691225451,ğŸœ Asia
0691225451,ğŸ­ Late Modern
0691225451,ğŸ‘‘ Political
0691230153,ğŸ‡©ğŸ‡¿ Algeria
0691230153,ğŸ— Africa
0691230153,ğŸ­ Late Modern
0691230153,ğŸš½ Social
0691236577,â›©ï¸ All periods
0691236577,ğŸ­ Global
0691236577,ğŸ•¯ï¸ Cultural
069124409X,â›º Pre-Historic
069124409X,ğŸ— Africa
069124409X,ğŸ›ï¸ Ancient
069124409X,ğŸš½ Social
069124507X,ğŸ° Middle Ages
069124507X,ğŸ‘‘ Political
069124507X,ğŸ•¯ï¸ Cultural
069124507X,ğŸ¥ Europe
0691248478,ğŸ­ Global
0691248478,ğŸ­ Late Modern
0691248478,ğŸ‘‘ Political
0691250162,â›ª Early Modern
0691250162,ğŸ‡¬ğŸ‡§ UK
0691250162,ğŸ¥ Europe
0691250162,ğŸš½ Social
0691258201,ğŸ° Middle Ages
0691258201,ğŸ•¯ï¸ Cultural
0691258201,ğŸ¥ Europe
0691258201,ğŸš½ Social
0713995629,âš”ï¸ Military
0713995629,ğŸ­ Global
0713995629,ğŸ—ï¸ Contemporary
0713995823,â›ª Early Modern
0713995823,ğŸ‡®ğŸ‡³ India
0713995823,ğŸœ Asia
0713995823,ğŸ° Middle Ages
0713995823,ğŸ‘‘ Political
0713996560,ğŸ‡«ğŸ‡· France
0713996560,ğŸ­ Late Modern
0713996560,ğŸ‘‘ Political
0713996560,ğŸ¥ Europe
0713996560,ğŸš½ Social
071565439X,ğŸ‡¬ğŸ‡§ UK
071565439X,ğŸ­ Late Modern
071565439X,ğŸ¥ Europe
071565439X,ğŸš½ Social
0715654454,ğŸ‡¬ğŸ‡§ UK
0715654454,ğŸ­ Late Modern
0715654454,ğŸ¥ Europe
0715654454,ğŸš½ Social
0715655000,ğŸ­ Global
0715655000,ğŸ›ï¸ Ancient
0715655000,ğŸ‘‘ Political
0719829259,ğŸ‡«ğŸ‡· France
0719829259,ğŸ‡¬ğŸ‡§ UK
0719829259,ğŸ° Middle Ages
0719829259,ğŸ‘‘ Political
0719829259,ğŸ¥ Europe
073522398X,ğŸ—ï¸ Contemporary
073522398X,ğŸ‘‘ Political
073522398X,ğŸ¥ Europe
0750989866,ğŸ‡¬ğŸ‡§ UK
0750989866,ğŸ—ï¸ Contemporary
0750989866,ğŸ­ Late Modern
0750989866,ğŸ¥ Europe
0750989866,ğŸš½ Social
0750991984,â›ª Early Modern
0750991984,ğŸ‡¬ğŸ‡§ UK
0750991984,ğŸ•¯ï¸ Cultural
0750991984,ğŸ¥ Europe
0750991984,ğŸš½ Social
0750993693,ğŸ‡¬ğŸ‡§ UK
0750993693,ğŸ° Middle Ages
0750993693,ğŸ‘‘ Political
0750993693,ğŸ¥ Europe
0750993693,ğŸš½ Social
0750996242,â›ª Early Modern
0750996242,ğŸ‡¬ğŸ‡§ UK
0750996242,ğŸ‘‘ Political
0750996242,ğŸ•¯ï¸ Cultural
0750996242,ğŸ¥ Europe
0750996668,ğŸ‡®ğŸ‡¹ Italy
0750996668,ğŸ›ï¸ Ancient
0750996668,ğŸ‘‘ Political
0750996668,ğŸ¥ Europe
0750996668,ğŸš½ Social
0750997362,ğŸ‡ªğŸ‡¹ Ethiopia
0750997362,ğŸ‡¬ğŸ‡§ UK
0750997362,ğŸ— Africa
0750997362,ğŸ­ Late Modern
0750997362,ğŸ‘‘ Political
0750997362,ğŸ¥ Europe
0750997362,ğŸš½ Social
0750997540,â›ª Early Modern
0750997540,ğŸ‡¬ğŸ‡§ UK
0750997540,ğŸ•¯ï¸ Cultural
0750997540,ğŸ¥ Europe
0750998121,ğŸ‡®ğŸ‡± Israel
0750998121,ğŸœ Asia
0750998121,ğŸ—ï¸ Contemporary
0750998121,ğŸ­ Late Modern
0750998121,ğŸ‘‘ Political
0750998121,ğŸ¥ Europe
075099889X,â›ª Early Modern
075099889X,ğŸ‡¬ğŸ‡§ UK
075099889X,ğŸ¥ Europe
075099889X,ğŸš½ Social
0750999292,ğŸ‡ºğŸ‡¸ USA
0750999292,ğŸ” North America
0750999292,ğŸ—ï¸ Contemporary
0750999292,ğŸ•¯ï¸ Cultural
0750999292,ğŸš½ Social
0750999543,â›ª Early Modern
0750999543,ğŸ‡¬ğŸ‡§ UK
0750999543,ğŸ‡®ğŸ‡¹ Italy
0750999543,ğŸ‘‘ Political
0750999543,ğŸ•¯ï¸ Cultural
0750999543,ğŸ¥ Europe
0750999543,ğŸš½ Social
0750999586,ğŸ‡¬ğŸ‡§ UK
0750999586,ğŸ‡®ğŸ‡³ India
0750999586,ğŸœ Asia
0750999586,ğŸ­ Late Modern
0750999586,ğŸš½ Social
0750999616,ğŸ›ï¸ Ancient
0750999616,ğŸ¥ Europe
0750999616,ğŸš½ Social
0750999985,â›ª Early Modern
0750999985,ğŸ‡¬ğŸ‡§ UK
0750999985,ğŸ‘‘ Political
0750999985,ğŸ¥ Europe
0750999985,ğŸš½ Social
0753545160,âš”ï¸ Military
0753545160,ğŸ‡©ğŸ‡ª Germany
0753545160,ğŸ—ï¸ Contemporary
0753545160,ğŸ¥ Europe
0753553449,âš”ï¸ Military
0753553449,ğŸ­ Late Modern
0753553449,ğŸ¥ Europe
0753554941,ğŸ­ Global
0753554941,ğŸï¸ Pre-Human
0753554941,ğŸµ Evolutionary
0753558254,ğŸ° Middle Ages
0753558254,ğŸ‘‘ Political
0753558254,ğŸ¥ Europe
0753558254,ğŸš½ Social
0753558734,â›ª Early Modern
0753558734,ğŸ‡¬ğŸ‡§ UK
0753558734,ğŸ—ï¸ Contemporary
0753558734,ğŸ­ Late Modern
0753558734,ğŸ‘‘ Political
0753558734,ğŸ¥ Europe
0753558734,ğŸš½ Social
0753558920,â›©ï¸ All periods
0753558920,ğŸ•¯ï¸ Cultural
0753558920,ğŸ¥ Europe
075355996X,ğŸ‡©ğŸ‡ª Germany
075355996X,ğŸ­ Late Modern
075355996X,ğŸ‘‘ Political
075355996X,ğŸ¥ Europe
0753560127,â›©ï¸ All periods
0753560127,ğŸ— Africa
0753560127,ğŸ‘‘ Political
0753560127,ğŸš½ Social
0755607333,ğŸ‡¨ğŸ‡³ China
0755607333,ğŸœ Asia
0755607333,ğŸ—ï¸ Contemporary
0755607333,ğŸ‘‘ Political
0802127029,â›ª Early Modern
0802127029,ğŸ‡²ğŸ‡½ Mexico
0802127029,ğŸ‡ºğŸ‡¸ USA
0802127029,ğŸ” North America
0802127029,ğŸ—ï¸ Contemporary
0802127029,ğŸ­ Late Modern
0802127029,ğŸ‘‘ Political
0802129161,ğŸï¸ Pre-Human
0802129161,ğŸµ Evolutionary
0802129161,ğŸ¥ Europe
0802149367,ğŸ‡¬ğŸ‡§ UK
0802149367,ğŸ‡®ğŸ‡ª Ireland
0802149367,ğŸ­ Late Modern
0802149367,ğŸ‘‘ Political
0802149367,ğŸ¥ Europe
0802149367,ğŸš½ Social
0806190752,â›©ï¸ All periods
0806190752,ğŸ‡ºğŸ‡¸ USA
0806190752,ğŸ” North America
0806190752,ğŸ‘‘ Political
0806190752,ğŸš½ Social
081298997X,ğŸ” North America
081298997X,ğŸ—ï¸ Contemporary
081298997X,ğŸ¥ Europe
081298997X,ğŸš½ Social
0857381865,ğŸ‡¬ğŸ‡§ UK
0857381865,ğŸ­ Late Modern
0857381865,ğŸ‘‘ Political
0857381865,ğŸ¥ Europe
0861540824,ğŸ‡¬ğŸ‡§ UK
0861540824,ğŸ° Middle Ages
0861540824,ğŸ‘‘ Political
0861540824,ğŸ¥ Europe
0861540913,â›ª Early Modern
0861540913,ğŸ­ Late Modern
0861540913,ğŸ° Middle Ages
0861540913,ğŸ¥ Europe
0861540913,ğŸš½ Social
0861542304,ğŸ›ï¸ Ancient
0861542304,ğŸ‘‘ Political
0861542304,ğŸ¥ Europe
0861542304,ğŸš½ Social
0861542452,ğŸ‡·ğŸ‡º Russia
0861542452,ğŸœ Asia
0861542452,ğŸ­ Late Modern
0861542452,ğŸ•¯ï¸ Cultural
0861542452,ğŸ¥ Europe
0861542452,ğŸš½ Social
0861542533,ğŸ›ï¸ Ancient
0861542533,ğŸ‘‘ Political
0861542533,ğŸ¥ Europe
0861542533,ğŸš½ Social
0861542592,â›©ï¸ All periods
0861542592,ğŸ‘‘ Political
0861542592,ğŸ¥ Europe
0861542592,ğŸš½ Social
0861544617,â›ª Early Modern
0861544617,ğŸ—ï¸ Contemporary
0861544617,ğŸ­ Late Modern
0861544617,ğŸ•¯ï¸ Cultural
0861544617,ğŸ¥ Europe
0861547527,â›ª Early Modern
0861547527,ğŸ•¯ï¸ Cultural
0861547527,ğŸ¥ Europe
0861547543,ğŸ‡µğŸ‡¹ Portugal
0861547543,ğŸ—ï¸ Contemporary
0861547543,ğŸ‘‘ Political
0861547543,ğŸ¥ Europe
1009221698,â›©ï¸ All periods
1009221698,ğŸ•¯ï¸ Cultural
1009221698,ğŸ¥ Europe
1009226797,ğŸœ Asia
1009226797,ğŸ›ï¸ Ancient
1009226797,ğŸ‘‘ Political
1009226797,ğŸ¥ Europe
1107111420,ğŸ›ï¸ Ancient
1107111420,ğŸ‘‘ Political
1107111420,ğŸ¥ Europe
1107145996,ğŸ‡¬ğŸ‡§ UK
1107145996,ğŸ—ï¸ Contemporary
1107145996,ğŸ‘‘ Political
1107145996,ğŸ¥ Europe
1107162793,â›ª Early Modern
1107162793,ğŸ° Middle Ages
1107162793,ğŸ‘‘ Political
1107162793,ğŸ¥ Europe
1108472648,ğŸ‡®ğŸ‡¹ Italy
1108472648,ğŸ›ï¸ Ancient
1108472648,ğŸ‘‘ Political
1108472648,ğŸ¥ Europe
1108478107,â›©ï¸ All periods
1108478107,ğŸ‡ªğŸ‡º EU
1108478107,ğŸ‘‘ Political
1108478107,ğŸ¥ Europe
1108490670,â›ª Early Modern
1108490670,ğŸ° Middle Ages
1108490670,ğŸ‘‘ Political
1108490670,ğŸ¥ Europe
1108494676,â›ª Early Modern
1108494676,ğŸ‡¬ğŸ‡§ UK
1108494676,ğŸ•¯ï¸ Cultural
1108494676,ğŸ¥ Europe
1108494676,ğŸš½ Social
1108833403,â›ª Early Modern
1108833403,ğŸ‡®ğŸ‡¹ Italy
1108833403,ğŸ•¯ï¸ Cultural
1108833403,ğŸ¥ Europe
1108838480,ğŸ‡¬ğŸ‡§ UK
1108838480,ğŸ­ Late Modern
1108838480,ğŸ‘‘ Political
1108838480,ğŸ¥ Europe
1108838480,ğŸš½ Social
1108839290,ğŸ— Africa
1108839290,ğŸ­ Late Modern
1108839290,ğŸ•¯ï¸ Cultural
1108839290,ğŸ¥ Europe
1119529492,ğŸ‡¨ğŸ‡³ China
1119529492,ğŸ‡ºğŸ‡¸ USA
1119529492,ğŸœ Asia
1119529492,ğŸ—ï¸ Contemporary
1119529492,ğŸš½ Social
1250003660,ğŸ‡¬ğŸ‡§ UK
1250003660,ğŸ—ï¸ Contemporary
1250003660,ğŸ­ Late Modern
1250003660,ğŸ‘‘ Political
1250003660,ğŸ¥ Europe
1250114063,ğŸ‡¨ğŸ‡³ China
1250114063,ğŸ‡¯ğŸ‡µ Japan
1250114063,ğŸ‡°ğŸ‡µ North Korea
1250114063,ğŸ‡°ğŸ‡· South Korea
1250114063,ğŸœ Asia
1250114063,ğŸ—ï¸ Contemporary
1250114063,ğŸ­ Late Modern
1250114063,ğŸ‘‘ Political
1250182190,âš”ï¸ Military
1250182190,ğŸ” North America
1250182190,ğŸ­ Late Modern
1250198283,â›©ï¸ All periods
1250198283,ğŸ­ Global
1250198283,ğŸš½ Social
1250272394,ğŸ‡¬ğŸ‡§ UK
1250272394,ğŸ—ï¸ Contemporary
1250272394,ğŸ­ Late Modern
1250272394,ğŸ¥ Europe
1250272394,ğŸš½ Social
1250761964,ğŸ‡ºğŸ‡¸ USA
1250761964,ğŸ” North America
1250761964,ğŸ­ Late Modern
1250761964,ğŸš½ Social
1316516202,ğŸ­ Global
1316516202,ğŸ­ Late Modern
1316516202,ğŸ‘‘ Political
1316516202,ğŸ•¯ï¸ Cultural
1316518426,ğŸ° Middle Ages
1316518426,ğŸ‘‘ Political
1316518426,ğŸ¥ Europe
1324093463,ğŸ‡©ğŸ‡ª Germany
1324093463,ğŸ­ Late Modern
1324093463,ğŸ‘‘ Political
1324093463,ğŸ’° Economic
1324093463,ğŸ¥ Europe
1328595900,ğŸ° Middle Ages
1328595900,ğŸ‘‘ Political
1328595900,ğŸ¥ Europe
1328595900,ğŸš½ Social
1328618579,ğŸ‡ºğŸ‡¸ USA
1328618579,ğŸ” North America
1328618579,ğŸ­ Late Modern
1328618579,ğŸš½ Social
1350091456,ğŸ‡·ğŸ‡º Russia
1350091456,ğŸ—ï¸ Contemporary
1350091456,ğŸ­ Late Modern
1350091456,ğŸ¥ Europe
1350091456,ğŸš½ Social
1350135682,â›ª Early Modern
1350135682,ğŸ‡¬ğŸ‡§ UK
1350135682,ğŸ‘‘ Political
1350135682,ğŸ¥ Europe
1350280763,ğŸ‡·ğŸ‡º Russia
1350280763,ğŸœ Asia
1350280763,ğŸ—ï¸ Contemporary
1350280763,ğŸ‘‘ Political
1350280763,ğŸ“š Historiography
1350280763,ğŸ¥ Europe
1350296813,â›ª Early Modern
1350296813,ğŸ‡µğŸ‡­ Philippines
1350296813,ğŸœ Asia
1350296813,ğŸ—ï¸ Contemporary
1350296813,ğŸ­ Late Modern
1350296813,ğŸ‘‘ Political
139810289X,ğŸ‡«ğŸ‡· France
139810289X,ğŸ‡¬ğŸ‡§ UK
139810289X,ğŸ­ Global
139810289X,ğŸ­ Late Modern
139810289X,ğŸ‘‘ Political
1398106992,ğŸ›ï¸ Ancient
1398106992,ğŸ¥ Europe
1398106992,ğŸš½ Social
1398504432,ğŸŒ½ Central and S America
1398504432,ğŸ­ Late Modern
1398504432,ğŸ¥ Europe
1398504432,ğŸš½ Social
1398508500,â›ª Early Modern
1398508500,ğŸ” North America
1398508500,ğŸ­ Late Modern
1398508500,ğŸ° Middle Ages
1398508500,ğŸ¥ Europe
1398508500,ğŸš½ Social
1398519235,ğŸ‡¬ğŸ‡§ UK
1398519235,ğŸ° Middle Ages
1398519235,ğŸ¥ Europe
1398519235,ğŸš½ Social
1399011049,â›ª Early Modern
1399011049,ğŸ‡¬ğŸ‡§ UK
1399011049,ğŸ¥ Europe
1399011049,ğŸš½ Social
1399045520,â›©ï¸ All periods
1399045520,ğŸ­ Global
1399045520,ğŸš½ Social
1399050621,ğŸ° Middle Ages
1399050621,ğŸ•¯ï¸ Cultural
1399050621,ğŸ¥ Europe
1399089226,â›ª Early Modern
1399089226,ğŸ‡¬ğŸ‡§ UK
1399089226,ğŸ‘‘ Political
1399089226,ğŸ¥ Europe
1399401882,â›©ï¸ All periods
1399401882,ğŸ‡¨ğŸ‡¾ Cyprus
1399401882,ğŸ‘‘ Political
1399401882,ğŸ¥ Europe
1399407279,â›ª Early Modern
1399407279,ğŸ‡®ğŸ‡¹ Italy
1399407279,ğŸ‘‘ Political
1399407279,ğŸ¥ Europe
1399409867,ğŸ‡·ğŸ‡º Russia
1399409867,ğŸ—ï¸ Contemporary
1399409867,ğŸ‘‘ Political
1399409867,ğŸ“š Historiography
1399409867,ğŸ¥ Europe
1399411438,ğŸ‡¬ğŸ‡§ UK
1399411438,ğŸ­ Late Modern
1399411438,ğŸ‘‘ Political
1399411438,ğŸ¥ Europe
1399603485,â›©ï¸ All periods
1399603485,ğŸ­ Global
1399603485,ğŸ’° Economic
1399603485,ğŸš½ Social
1399705083,â›ª Early Modern
1399705083,ğŸ‡¬ğŸ‡§ UK
1399705083,ğŸ‘‘ Political
1399705083,ğŸ¥ Europe
1399705083,ğŸš½ Social
1399726137,ğŸ‡¬ğŸ‡§ UK
1399726137,ğŸ° Middle Ages
1399726137,ğŸ‘‘ Political
1399726137,ğŸ¥ Europe
1399726137,ğŸš½ Social
1399803557,âš”ï¸ Military
1399803557,ğŸœ Asia
1399803557,ğŸ° Middle Ages
1399803557,ğŸ‘‘ Political
139980488X,â›ª Early Modern
139980488X,ğŸ‡¬ğŸ‡§ UK
139980488X,ğŸ­ Late Modern
139980488X,ğŸ¥ Europe
139980488X,ğŸš½ Social
1405953179,â›©ï¸ All periods
1405953179,ğŸ‡¬ğŸ‡§ UK
1405953179,ğŸ‘‘ Political
1405953179,ğŸ¥ Europe
1408706954, Tyranny
1408706954,â›©ï¸ All periods
1408706954,ğŸ•¯ï¸ Cultural
1408706954,ğŸ¥ Europe
1408706954,Dictators
1408706989,ğŸ›ï¸ Ancient
1408706989,ğŸ‘‘ Political
1408706989,ğŸ¥ Europe
1408706989,Romans
1408708582,ğŸ‡¬ğŸ‡§ UK
1408708582,ğŸ‡®ğŸ‡³ India
1408708582,ğŸ‡¯ğŸ‡² Jamaica
1408708582,ğŸ‡°ğŸ‡ª Kenya
1408708582,ğŸ‡°ğŸ‡® Kiribati
1408708582,ğŸ‡²ğŸ‡² Myanmar
1408708582,ğŸ‡²ğŸ‡¾ Malaysia
1408708582,ğŸ‡³ğŸ‡¬ Nigeria
1408708582,ğŸ¤ Australasia
1408708582,ğŸ­ Global
1408708582,ğŸ­ Late Modern
1408708582,ğŸ‘‘ Political
1408710048,ğŸ‡¨ğŸ‡³ China
1408710048,ğŸœ Asia
1408710048,ğŸ—ï¸ Contemporary
1408710048,ğŸš½ Social
1408712407,âš”ï¸ Military
1408712407,ğŸ›ï¸ Ancient
1408712407,ğŸ¥ Europe
1408712407,Fashion
1408713462,ğŸ‡¬ğŸ‡§ UK
1408713462,ğŸ—ï¸ Contemporary
1408713462,ğŸ¥ Europe
1408713462,ğŸš½ Social
1408715155,ğŸ›ï¸ Ancient
1408715155,ğŸ¥ Europe
1408715155,ğŸš½ Social
1408856220,ğŸ‡¬ğŸ‡§ UK
1408856220,ğŸ­ Late Modern
1408856220,ğŸ¥ Europe
1408856220,ğŸš½ Social
1408864371,â›ª Early Modern
1408864371,ğŸ‡¬ğŸ‡§ UK
1408864371,ğŸ‡®ğŸ‡³ India
1408864371,ğŸœ Asia
1408864371,ğŸ­ Late Modern
1408864371,ğŸ‘‘ Political
1408864371,ğŸ’° Economic
1408870738,ğŸ‡¬ğŸ‡§ UK
1408870738,ğŸ—ï¸ Contemporary
1408870738,ğŸ­ Late Modern
1408870738,ğŸ¥ Europe
1408870738,ğŸš½ Social
140889162X,ğŸ­ Global
140889162X,ğŸ—ï¸ Contemporary
140889162X,ğŸ­ Late Modern
140889162X,ğŸ‘‘ Political
1408897946,ğŸ‡®ğŸ‡¹ Italy
1408897946,ğŸ­ Late Modern
1408897946,ğŸ‘‘ Political
1408897946,ğŸ¥ Europe
1419751433,ğŸ‡ºğŸ‡¸ USA
1419751433,ğŸ” North America
1419751433,ğŸ—ï¸ Contemporary
1419751433,ğŸ‘‘ Political
1419751433,ğŸ•¯ï¸ Cultural
1421446642,â›©ï¸ All periods
1421446642,ğŸ­ Global
1421446642,ğŸ•¯ï¸ Cultural
1426221983,ğŸ­ Global
1426221983,ğŸ›ï¸ Ancient
1426221983,ğŸ° Middle Ages
1426221983,ğŸ•¯ï¸ Cultural
1442214430,ğŸœ Asia
1442214430,ğŸ° Middle Ages
1442214430,ğŸ‘‘ Political
1442214430,ğŸ•¯ï¸ Cultural
1442214430,ğŸ¥ Europe
144564617X,ğŸ‡«ğŸ‡· France
144564617X,ğŸ° Middle Ages
144564617X,ğŸ‘‘ Political
144564617X,ğŸ¥ Europe
1445675080,ğŸ‡¬ğŸ‡§ UK
1445675080,ğŸ° Middle Ages
1445675080,ğŸ‘‘ Political
1445675080,ğŸ¥ Europe
1445684217,ğŸ›ï¸ Ancient
1445684217,ğŸ¥ Europe
1445684217,ğŸš½ Social
1445684519,ğŸ‡¬ğŸ‡§ UK
1445684519,ğŸ­ Late Modern
1445684519,ğŸ¥ Europe
1445684519,ğŸš½ Social
1445684772,ğŸ‡¬ğŸ‡§ UK
1445684772,ğŸ° Middle Ages
1445684772,ğŸ‘‘ Political
1445684772,ğŸ¥ Europe
1445686643,â›ª Early Modern
1445686643,ğŸ‡¨ğŸ‡³ China
1445686643,ğŸ‡¬ğŸ‡§ UK
1445686643,ğŸœ Asia
1445686643,ğŸ—ï¸ Contemporary
1445686643,ğŸ­ Late Modern
1445686643,ğŸ¥ Europe
1445686643,ğŸš½ Social
1445688506,â›ª Early Modern
1445688506,ğŸ­ Late Modern
1445688506,ğŸ° Middle Ages
1445688506,ğŸ‘‘ Political
1445688506,ğŸ¥ Europe
1445688840,ğŸ‡¬ğŸ‡§ UK
1445688840,ğŸ­ Late Modern
1445688840,ğŸ•¯ï¸ Cultural
1445688840,ğŸ¥ Europe
1445691353,â›©ï¸ All periods
1445691353,ğŸ‡¬ğŸ‡§ UK
1445691353,ğŸ‘‘ Political
1445691353,ğŸ¥ Europe
144569171X,ğŸ‡¬ğŸ‡§ UK
144569171X,ğŸ° Middle Ages
144569171X,ğŸ‘‘ Political
144569171X,ğŸ¥ Europe
144569171X,ğŸš½ Social
1445694069,ğŸ‡¬ğŸ‡§ UK
1445694069,ğŸ° Middle Ages
1445694069,ğŸ‘‘ Political
1445694069,ğŸ¥ Europe
1445695057,â›©ï¸ All periods
1445695057,ğŸ‘‘ Political
1445695057,ğŸ¥ Europe
1445695057,Technology
1445698749,ğŸ° Middle Ages
1445698749,ğŸ‘‘ Political
1445698749,ğŸ¥ Europe
1445698749,ğŸš½ Social
145166883X,ğŸ‡®ğŸ‡¹ Italy
145166883X,ğŸ›ï¸ Ancient
145166883X,ğŸ‘‘ Political
145166883X,ğŸ¥ Europe
145166883X,Crusades
1452178917,ğŸ‡¬ğŸ‡· Greece
1452178917,ğŸ›ï¸ Ancient
1452178917,ğŸ•¯ï¸ Cultural
1452178917,ğŸ¥ Europe
1469653605,â›ª Early Modern
1469653605,ğŸ” North America
1469653605,ğŸ—ï¸ Contemporary
1469653605,ğŸ­ Late Modern
1469653605,ğŸ‘‘ Political
1471176010,â›©ï¸ All periods
1471176010,ğŸ‡¨ğŸ‡³ China
1471176010,ğŸœ Asia
1471176010,ğŸ‘‘ Political
1471182738,âš”ï¸ Military
1471182738,â›ª Early Modern
1471182738,ğŸ‡¨ğŸ‡¦ Canada
1471182738,ğŸ” North America
1471182738,ğŸ¥ Europe
147118367X,â›ª Early Modern
147118367X,ğŸ‡¬ğŸ‡§ UK
147118367X,ğŸ¥ Europe
147118367X,ğŸš½ Social
1471188019,â›º Pre-Historic
1471188019,ğŸ‡¬ğŸ‡§ UK
1471188019,ğŸ¥ Europe
1471188019,ğŸš½ Social
1472129857,â›©ï¸ All periods
1472129857,ğŸ‡ªğŸ‡¸ Spain
1472129857,ğŸ‘‘ Political
1472129857,ğŸ¥ Europe
1472142357,â›ª Early Modern
1472142357,ğŸ‡¬ğŸ‡§ UK
1472142357,ğŸ­ Late Modern
1472142357,ğŸ‘‘ Political
1472142357,ğŸ¥ Europe
1472142357,ğŸš½ Social
1472144333,â›ª Early Modern
1472144333,ğŸŒ½ Central and S America
1472144333,ğŸ” North America
1472144333,ğŸ­ Late Modern
1472144333,ğŸ’° Economic
1472144333,ğŸš½ Social
1472277287,ğŸœ Asia
1472277287,ğŸ›ï¸ Ancient
1472277287,ğŸ‘‘ Political
147228187X,ğŸ­ Global
147228187X,ğŸ—ï¸ Contemporary
147228187X,ğŸ“š Historiography
147228187X,ğŸš½ Social
147228383X,â›ª Early Modern
147228383X,ğŸ‡¬ğŸ‡§ UK
147228383X,ğŸ—ï¸ Contemporary
147228383X,ğŸ­ Late Modern
147228383X,ğŸ° Middle Ages
147228383X,ğŸ¥ Europe
147228383X,ğŸš½ Social
1472289846,ğŸ‡ªğŸ‡¬ Egypt
1472289846,ğŸ— Africa
1472289846,ğŸ›ï¸ Ancient
1472289846,ğŸ‘‘ Political
1472289846,ğŸš½ Social
147229422X,â›ª Early Modern
147229422X,ğŸ‡¬ğŸ‡§ UK
147229422X,ğŸ­ Late Modern
147229422X,ğŸ° Middle Ages
147229422X,ğŸ¥ Europe
147229422X,ğŸš½ Social
1472298500,â›©ï¸ All periods
1472298500,ğŸ­ Global
1472298500,ğŸ‘‘ Political
1472825535,âš”ï¸ Military
1472825535,ğŸ­ Global
1472825535,ğŸ° Middle Ages
1472838009,â›©ï¸ All periods
1472838009,ğŸ­ Global
1472838009,ğŸš½ Social
1472838467,âš”ï¸ Military
1472838467,ğŸ‡ºğŸ‡¸ USA
1472838467,ğŸ‡»ğŸ‡³ Vietnam
1472838467,ğŸœ Asia
1472838467,ğŸ—ï¸ Contemporary
1472846524,âš”ï¸ Military
1472846524,ğŸ° Middle Ages
1472846524,ğŸ‘‘ Political
1472846524,ğŸ¥ Europe
147284937X,âš”ï¸ Military
147284937X,ğŸ‡¬ğŸ‡§ UK
147284937X,ğŸ° Middle Ages
147284937X,ğŸ¥ Europe
147285893X,ğŸ‡¬ğŸ‡§ UK
147285893X,ğŸ° Middle Ages
147285893X,ğŸ‘‘ Political
147285893X,ğŸ¥ Europe
1473622085,â›©ï¸ All periods
1473622085,ğŸ•¯ï¸ Cultural
1473622085,ğŸ¥ Europe
1473649102,â›ª Early Modern
1473649102,ğŸ‡¬ğŸ‡§ UK
1473649102,ğŸ‡ºğŸ‡¸ USA
1473649102,ğŸ•¯ï¸ Cultural
1473649102,ğŸ¥ Europe
1473664306,ğŸ‡¬ğŸ‡§ UK
1473664306,ğŸ­ Late Modern
1473664306,ğŸ•¯ï¸ Cultural
1473664306,ğŸ¥ Europe
1473677793,â›©ï¸ All periods
1473677793,ğŸ­ Global
1473677793,ğŸ‘‘ Political
1473677793,ğŸš½ Social
1473695708,â›ª Early Modern
1473695708,ğŸ‡¹ğŸ‡· Turkey
1473695708,ğŸ­ Late Modern
1473695708,ğŸ° Middle Ages
1473695708,ğŸ‘‘ Political
1473695708,ğŸ¥ Europe
1473698626,â›©ï¸ All periods
1473698626,ğŸ­ Global
1473698626,ğŸ‘‘ Political
1474239706,â›©ï¸ All periods
1474239706,ğŸ­ Global
1474239706,ğŸ•¯ï¸ Cultural
1474600255,â›ª Early Modern
1474600255,ğŸŒ½ Central and S America
1474600255,ğŸ—ï¸ Contemporary
1474600255,ğŸ­ Late Modern
1474600255,ğŸ‘‘ Political
1474600255,ğŸ’° Economic
1474609996,â›©ï¸ All periods
1474609996,ğŸ‡­ğŸ‡º Hungary
1474609996,ğŸ‘‘ Political
1474609996,ğŸ¥ Europe
1474610145,ğŸ‡·ğŸ‡º Russia
1474610145,ğŸ­ Late Modern
1474610145,ğŸ‘‘ Political
1474610145,ğŸ¥ Europe
1474610188,ğŸ‡¨ğŸ‡³ China
1474610188,ğŸ‡¬ğŸ‡§ UK
1474610188,ğŸœ Asia
1474610188,ğŸ—ï¸ Contemporary
1474610188,ğŸ­ Late Modern
1474610188,ğŸ‘‘ Political
1474610188,ğŸ¥ Europe
1474610323,ğŸ— Africa
1474610323,ğŸœ Asia
1474610323,ğŸ›ï¸ Ancient
1474610323,ğŸ•¯ï¸ Cultural
1474610323,ğŸ¥ Europe
1474610730,â›©ï¸ All periods
1474610730,ğŸ­ Global
1474610730,ğŸš½ Social
1474613195,ğŸ­ Late Modern
1474613195,ğŸ‘‘ Political
1474613195,ğŸ¥ Europe
1474613195,ğŸš½ Social
1474614078,ğŸ‡®ğŸ‡ª Ireland
1474614078,ğŸœ Asia
1474614078,ğŸ° Middle Ages
1474614078,ğŸ‘‘ Political
1474614078,Vikings
1474614116,ğŸœ Asia
1474614116,ğŸ›ï¸ Ancient
1474614116,ğŸ‘‘ Political
1474614116,ğŸ•¯ï¸ Cultural
1474614116,ğŸ¥ Europe
1474614353,ğŸ‡¬ğŸ‡§ UK
1474614353,ğŸ­ Late Modern
1474614353,ğŸ•¯ï¸ Cultural
1474614353,ğŸ¥ Europe
1474615619,ğŸ›ï¸ Ancient
1474615619,ğŸ‘‘ Political
1474615619,ğŸ¥ Europe
1474615775,â›©ï¸ All periods
1474615775,ğŸ“š Historiography
1474615775,ğŸ¥ Europe
1474615775,Punch
1474616909,â›ª Early Modern
1474616909,ğŸŒ½ Central and S America
1474616909,ğŸ” North America
1474616909,ğŸ—ï¸ Contemporary
1474616909,ğŸ­ Late Modern
1474616909,ğŸ¥ Europe
1474616909,ğŸš½ Social
1474618618,â›©ï¸ All periods
1474618618,ğŸ­ Global
1474618618,ğŸ•¯ï¸ Cultural
1474618618,ğŸš½ Social
147462099X,ğŸ›ï¸ Ancient
147462099X,ğŸ‘‘ Political
147462099X,ğŸ¥ Europe
147462104X,ğŸ‡¬ğŸ‡¾ Guyana
147462104X,ğŸ” North America
147462104X,ğŸ­ Late Modern
147462104X,ğŸ•¯ï¸ Cultural
147462104X,ğŸš½ Social
1474622208,â›ª Early Modern
1474622208,ğŸ‡¬ğŸ‡§ UK
1474622208,ğŸ¥ Europe
1474622208,ğŸš½ Social
1474622453,â›©ï¸ All periods
1474622453,ğŸ­ Global
1474622453,ğŸ“š Historiography
1474625193,â›©ï¸ All periods
1474625193,ğŸ‘‘ Political
1474625193,ğŸ¥ Europe
1474625193,ğŸš½ Social
1479817317,ğŸ‡¬ğŸ‡§ UK
1479817317,ğŸ‡®ğŸ‡ª Ireland
1479817317,ğŸ‡®ğŸ‡³ India
1479817317,ğŸ—ï¸ Contemporary
1479817317,ğŸ­ Late Modern
1479817317,ğŸ¥ Europe
1479817317,ğŸš½ Social
1501103903,ğŸ‡ºğŸ‡¸ USA
1501103903,ğŸŒ½ Central and S America
1501103903,ğŸ” North America
1501103903,ğŸ­ Late Modern
1501103903,ğŸš½ Social
1501154559,â›©ï¸ All periods
1501154559,ğŸ‡¨ğŸ‡º Cuba
1501154559,ğŸŒ½ Central and S America
1501154559,ğŸ‘‘ Political
1501166387,ğŸ‡ºğŸ‡¸ USA
1501166387,ğŸ” North America
1501166387,ğŸ­ Late Modern
1501166387,ğŸš½ Social
1501180061,ğŸ—ï¸ Contemporary
1501180061,ğŸ­ Late Modern
1501180061,ğŸ¥ Europe
1501180061,ğŸš½ Social
1501198017,ğŸ›ï¸ Ancient
1501198017,ğŸ‘‘ Political
1501198017,ğŸ¥ Europe
1501198017,ğŸš½ Social
1503627470,ğŸ‡¨ğŸ‡³ China
1503627470,ğŸœ Asia
1503627470,ğŸ° Middle Ages
1503627470,ğŸ‘‘ Political
1503627470,ğŸ’° Economic
1509559116,ğŸ‡¬ğŸ‡§ UK
1509559116,ğŸ—ï¸ Contemporary
1509559116,ğŸ­ Late Modern
1509559116,ğŸ•¯ï¸ Cultural
1509559116,ğŸ¥ Europe
1509559116,ğŸš½ Social
1509812741,ğŸ‡¯ğŸ‡µ Japan
1509812741,ğŸœ Asia
1509812741,ğŸ—ï¸ Contemporary
1509812741,ğŸ‘‘ Political
1509829601,â›ª Early Modern
1509829601,ğŸ•¯ï¸ Cultural
1509829601,ğŸ¥ Europe
1509837574,ğŸ‡¬ğŸ‡§ UK
1509837574,ğŸ° Middle Ages
1509837574,ğŸ‘‘ Political
1509837574,ğŸ¥ Europe
1509858709,ğŸ‡ªğŸ‡¬ Egypt
1509858709,ğŸ— Africa
1509858709,ğŸ­ Late Modern
1509858709,ğŸ‘‘ Political
1509858709,ğŸ“š Historiography
1509867406,â›©ï¸ All periods
1509867406,ğŸ­ Global
1509867406,ğŸš½ Social
1509873163,ğŸ‡¬ğŸ‡· Greece
1509873163,ğŸ›ï¸ Ancient
1509873163,ğŸ‘‘ Political
1509873163,ğŸ•¯ï¸ Cultural
1509873163,ğŸ¥ Europe
1509877053,â›ª Early Modern
1509877053,ğŸ‡¬ğŸ‡§ UK
1509877053,ğŸ¥ Europe
1509877053,ğŸš½ Social
1509881565,â›©ï¸ All periods
1509881565,ğŸ•¯ï¸ Cultural
1509881565,ğŸ¥ Europe
1509890416,â›ª Early Modern
1509890416,ğŸ‘‘ Political
1509890416,ğŸ¥ Europe
1509890416,ğŸš½ Social
1512823899,ğŸ‡¬ğŸ‡§ UK
1512823899,ğŸ° Middle Ages
1512823899,ğŸ‘‘ Political
1512823899,ğŸ¥ Europe
1512823899,ğŸš½ Social
1526602687,â›ª Early Modern
1526602687,ğŸ‡³ğŸ‡± Netherlands
1526602687,ğŸ­ Late Modern
1526602687,ğŸ•¯ï¸ Cultural
1526602687,ğŸ¥ Europe
1526602768,â›©ï¸ All periods
1526602768,ğŸ­ Global
1526602768,ğŸ•¯ï¸ Cultural
1526603780,âš”ï¸ Military
1526603780,ğŸœ Asia
1526603780,ğŸ›ï¸ Ancient
1526603780,ğŸ­ Late Modern
152660499X,â›©ï¸ All periods
152660499X,ğŸ­ Global
152660499X,ğŸš½ Social
152660518X,â›©ï¸ All periods
152660518X,ğŸ­ Global
152660518X,ğŸ‘‘ Political
1526608324,â›©ï¸ All periods
1526608324,ğŸ­ Global
1526608324,ğŸ•¯ï¸ Cultural
1526613425,â›ª Early Modern
1526613425,ğŸ‡¬ğŸ‡§ UK
1526613425,ğŸ‘‘ Political
1526613425,ğŸ¥ Europe
1526613425,ğŸš½ Social
1526615649,â›ª Early Modern
1526615649,ğŸ‡¬ğŸ‡§ UK
1526615649,ğŸ‡®ğŸ‡³ India
1526615649,ğŸœ Asia
1526615649,ğŸ‘‘ Political
1526621657,â›ª Early Modern
1526621657,ğŸ‡¬ğŸ‡§ UK
1526621657,ğŸ‘‘ Political
1526621657,ğŸ•¯ï¸ Cultural
1526621657,ğŸ¥ Europe
1526622564,â›©ï¸ All periods
1526622564,ğŸ­ Global
1526622564,ğŸ’° Economic
1526622564,ğŸš½ Social
1526623811,ğŸœ Asia
1526623811,ğŸ›ï¸ Ancient
1526623811,ğŸ‘‘ Political
1526623811,ğŸ•¯ï¸ Cultural
1526630400,â›©ï¸ All periods
1526630400,ğŸœ Asia
1526630400,ğŸ‘‘ Political
1526630400,ğŸ¥ Europe
1526630400,ğŸš½ Social
1526631520,â›ª Early Modern
1526631520,ğŸ‡¬ğŸ‡§ UK
1526631520,ğŸ‘‘ Political
1526631520,ğŸ¥ Europe
1526631520,ğŸš½ Social
1526631741,â›ª Early Modern
1526631741,ğŸ‡·ğŸ‡º Russia
1526631741,ğŸ—ï¸ Contemporary
1526631741,ğŸ­ Late Modern
1526631741,ğŸ° Middle Ages
1526631741,ğŸ‘‘ Political
1526631741,ğŸ¥ Europe
152663208X,âš”ï¸ Military
152663208X,â›ª Early Modern
152663208X,ğŸ‡µğŸ‡¹ Portugal
152663208X,ğŸ¥ Europe
1526634287,ğŸ‡¨ğŸ‡³ China
1526634287,ğŸœ Asia
1526634287,ğŸ—ï¸ Contemporary
1526634287,ğŸ‘‘ Political
152666769X,â›©ï¸ All periods
152666769X,ğŸ­ Global
152666769X,ğŸ‘‘ Political
152666769X,ğŸš½ Social
1526715570,ğŸ‡¬ğŸ‡§ UK
1526715570,ğŸ° Middle Ages
1526715570,ğŸ‘‘ Political
1526715570,ğŸ¥ Europe
1526720051,â›ª Early Modern
1526720051,ğŸ‡¬ğŸ‡§ UK
1526720051,ğŸ¥ Europe
1526720051,ğŸš½ Social
1526727935,ğŸ‡¬ğŸ‡§ UK
1526727935,ğŸ° Middle Ages
1526727935,ğŸ‘‘ Political
1526727935,ğŸ¥ Europe
1526727935,ğŸš½ Social
1526738201,â›ª Early Modern
1526738201,ğŸ‡¬ğŸ‡§ UK
1526738201,ğŸ‘‘ Political
1526738201,ğŸ¥ Europe
1526738201,ğŸš½ Social
1526744619,â›ª Early Modern
1526744619,ğŸ‡¬ğŸ‡§ UK
1526744619,ğŸ­ Late Modern
1526744619,ğŸ‘‘ Political
1526744619,ğŸ¥ Europe
1526744619,ğŸš½ Social
1526745178,ğŸ­ Global
1526745178,ğŸ­ Late Modern
1526745178,ğŸš½ Social
1526749599,âš”ï¸ Military
1526749599,â›ª Early Modern
1526749599,ğŸ‡¸ğŸ‡ª Sweden
1526749599,ğŸ‘‘ Political
1526749599,ğŸ¥ Europe
1526750279,ğŸ‡¬ğŸ‡§ UK
1526750279,ğŸ° Middle Ages
1526750279,ğŸ‘‘ Political
1526750279,ğŸ¥ Europe
1526765721,âš”ï¸ Military
1526765721,ğŸ›ï¸ Ancient
1526765721,ğŸ¥ Europe
1526769182,â›ª Early Modern
1526769182,ğŸ‡¬ğŸ‡§ UK
1526769182,ğŸ¥ Europe
1526769182,ğŸš½ Social
1526775115,âš”ï¸ Military
1526775115,ğŸœ Asia
1526775115,ğŸ›ï¸ Ancient
1526775115,ğŸ‘‘ Political
1526775115,ğŸ¥ Europe
1526784114,âš”ï¸ Military
1526784114,ğŸ‡¬ğŸ‡§ UK
1526784114,ğŸ—ï¸ Contemporary
1526784114,ğŸ¥ Europe
1529004853,ğŸ‡¬ğŸ‡§ UK
1529004853,ğŸ­ Late Modern
1529004853,ğŸ•¯ï¸ Cultural
1529004853,ğŸ¥ Europe
1529007623,â›©ï¸ All periods
1529007623,ğŸ‡«ğŸ‡· France
1529007623,ğŸ‘‘ Political
1529007623,ğŸ¥ Europe
1529037247,ğŸ‡¬ğŸ‡§ UK
1529037247,ğŸ—ï¸ Contemporary
1529037247,ğŸ­ Late Modern
1529037247,ğŸ¥ Europe
1529037247,ğŸš½ Social
1529040353,ğŸœ Asia
1529040353,ğŸ›ï¸ Ancient
1529040353,ğŸ•¯ï¸ Cultural
1529040353,ğŸ¥ Europe
1529045878,ğŸ‡ªğŸ‡¬ Egypt
1529045878,ğŸ— Africa
1529045878,ğŸ›ï¸ Ancient
1529045878,ğŸš½ Social
1529065828,ğŸ‡·ğŸ‡º Russia
1529065828,ğŸ­ Late Modern
1529065828,ğŸ‘‘ Political
1529065828,ğŸ¥ Europe
1529073405,âš”ï¸ Military
1529073405,ğŸ—ï¸ Contemporary
1529073405,ğŸ¥ Europe
1529073405,ğŸš½ Social
1529092191,â›©ï¸ All periods
1529092191,ğŸ­ Global
1529109221,â›ª Early Modern
1529109221,ğŸ‡¬ğŸ‡§ UK
1529109221,ğŸ‡®ğŸ‡¹ Italy
1529109221,ğŸ‘‘ Political
1529109221,ğŸ¥ Europe
1529109221,ğŸš½ Social
1529109957,â›ª Early Modern
1529109957,ğŸ­ Global
1529109957,ğŸ­ Late Modern
1529109957,ğŸ‘‘ Political
1529152224,â›©ï¸ All periods
1529152224,ğŸ­ Global
1529152224,ğŸµ Evolutionary
1529303265,ğŸœ Asia
1529303265,ğŸ›ï¸ Ancient
1529303265,ğŸ•¯ï¸ Cultural
1529303265,ğŸš½ Social
1529326761,ğŸ‡·ğŸ‡º Russia
1529326761,ğŸ­ Late Modern
1529326761,ğŸ‘‘ Political
1529326761,ğŸ¥ Europe
1529331536,âš”ï¸ Military
1529331536,ğŸ‡®ğŸ‡³ India
1529331536,ğŸ‡³ğŸ‡µ Nepal
1529331536,ğŸœ Asia
1529331536,ğŸ—ï¸ Contemporary
1529331536,ğŸ•¯ï¸ Cultural
1529334012,âš”ï¸ Military
1529334012,ğŸ‡©ğŸ‡ª Germany
1529334012,ğŸ—ï¸ Contemporary
1529334012,ğŸ¥ Europe
1529334012,ğŸš½ Social
1529339030,â›©ï¸ All periods
1529339030,ğŸ•¯ï¸ Cultural
1529339030,ğŸ¥ Europe
1529343968,ğŸ›ï¸ Ancient
1529343968,ğŸ•¯ï¸ Cultural
1529343968,ğŸ¥ Europe
152934624X,â›ª Early Modern
152934624X,ğŸ‡¬ğŸ‡§ UK
152934624X,ğŸ‘‘ Political
152934624X,ğŸ¥ Europe
152934624X,ğŸš½ Social
1529356342,â›©ï¸ All periods
1529356342,ğŸ­ Global
1529356342,ğŸš½ Social
1529365384,ğŸ° Middle Ages
1529365384,ğŸ‘‘ Political
1529365384,ğŸ•¯ï¸ Cultural
1529365384,ğŸ¥ Europe
1529366712,ğŸ­ Late Modern
1529366712,ğŸ•¯ï¸ Cultural
1529366712,ğŸ¥ Europe
1529366712,ğŸš½ Social
152936776X,ğŸ‡ªğŸ‡¬ Egypt
152936776X,ğŸ— Africa
152936776X,ğŸ›ï¸ Ancient
152936776X,ğŸ‘‘ Political
152936776X,ğŸš½ Social
1529376785,â›©ï¸ All periods
1529376785,ğŸ— Africa
1529376785,ğŸ‘‘ Political
1529377587,â›©ï¸ All periods
1529377587,ğŸ— Africa
1529377587,ğŸš½ Social
1529378753,â›©ï¸ All periods
1529378753,ğŸ•¯ï¸ Cultural
1529378753,ğŸ¥ Europe
1529383315,ğŸ‡¬ğŸ‡§ UK
1529383315,ğŸ­ Late Modern
1529383315,ğŸ‘‘ Political
1529383315,ğŸ•¯ï¸ Cultural
1529383315,ğŸ¥ Europe
1529392748,ğŸ‡©ğŸ‡ª Germany
1529392748,ğŸ­ Late Modern
1529392748,ğŸ•¯ï¸ Cultural
1529392748,ğŸ¥ Europe
1529393159,âš”ï¸ Military
1529393159,ğŸ‡©ğŸ‡ª Germany
1529393159,ğŸ—ï¸ Contemporary
1529393159,ğŸ‘‘ Political
1529393159,ğŸ¥ Europe
1529396425,â›©ï¸ All periods
1529396425,ğŸ‡¬ğŸ‡§ UK
1529396425,ğŸ•¯ï¸ Cultural
1529396425,ğŸ¥ Europe
1529398460,ğŸœ Asia
1529398460,ğŸ° Middle Ages
1529398460,ğŸ‘‘ Political
1529398460,ğŸ¥ Europe
1529400937,ğŸ‡¬ğŸ‡§ UK
1529400937,ğŸ° Middle Ages
1529400937,ğŸ•¯ï¸ Cultural
1529400937,ğŸ¥ Europe
1529404894,â›ª Early Modern
1529404894,ğŸ‡¬ğŸ‡§ UK
1529404894,ğŸ¥ Europe
1529404894,ğŸš½ Social
1529411394,â›º Pre-Historic
1529411394,ğŸ­ Global
1529411394,ğŸï¸ Pre-Human
1529411394,ğŸµ Evolutionary
1538716046,ğŸ‡ºğŸ‡¸ USA
1538716046,ğŸ” North America
1538716046,ğŸ—ï¸ Contemporary
1538716046,ğŸš½ Social
1538753324,â›ª Early Modern
1538753324,ğŸ­ Global
1538753324,ğŸ­ Late Modern
1538753324,ğŸš½ Social
153875519X,â›ª Early Modern
153875519X,ğŸ‡¨ğŸ‡¦ Canada
153875519X,ğŸ‡ºğŸ‡¸ USA
153875519X,ğŸ” North America
153875519X,ğŸ­ Late Modern
153875519X,ğŸ’° Economic
153875519X,ğŸš½ Social
1541600584,ğŸ‡ºğŸ‡¸ USA
1541600584,ğŸ” North America
1541600584,ğŸ­ Late Modern
1541600584,ğŸš½ Social
1541617606,â›©ï¸ All periods
1541617606,ğŸ­ Global
1541617606,ğŸš½ Social
1541618610,ğŸ‡ºğŸ‡¸ USA
1541618610,ğŸ” North America
1541618610,ğŸ—ï¸ Contemporary
1541618610,ğŸ­ Late Modern
1541618610,ğŸ‘‘ Political
1541618610,ğŸš½ Social
1541619838,â›ª Early Modern
1541619838,ğŸ¤ Australasia
1541619838,ğŸ‘‘ Political
154161996X,ğŸœ Asia
154161996X,ğŸ›ï¸ Ancient
154161996X,ğŸ‘‘ Political
154161996X,ğŸ¥ Europe
1541674197,ğŸ‡²ğŸ‡½ Mexico
1541674197,ğŸŒ½ Central and S America
1541674197,ğŸ­ Late Modern
1541674197,ğŸ‘‘ Political
154173033X,ğŸ‡«ğŸ‡· France
154173033X,ğŸ­ Late Modern
154173033X,ğŸ‘‘ Political
154173033X,ğŸ¥ Europe
1568588992,ğŸ‡µğŸ‡· Puerto Rico
1568588992,ğŸ” North America
1568588992,ğŸ—ï¸ Contemporary
1568588992,ğŸ­ Late Modern
1568588992,ğŸ‘‘ Political
1609456807,ğŸ­ Global
1609456807,ğŸ­ Late Modern
1609456807,ğŸ‘‘ Political
1610397967,â›©ï¸ All periods
1610397967,ğŸ­ Global
1610397967,ğŸš½ Social
1612008143,ğŸœ Asia
1612008143,ğŸ­ Late Modern
1612008143,ğŸ‘‘ Political
1612198589,ğŸ‡®ğŸ‡³ India
1612198589,ğŸœ Asia
1612198589,ğŸ—ï¸ Contemporary
1612198589,ğŸ­ Late Modern
1612198589,ğŸ‘‘ Political
1620974592, Goths
1620974592,â›ª Early Modern
1620974592,ğŸ‡¬ğŸ‡¾ Guyana
1620974592,ğŸŒ½ Central and S America
1620974592,ğŸ‘‘ Political
1620974592,ğŸ¥‡ Cundhill prize winner
1620974592,ğŸš½ Social
1620974592,Byzantium
1631495828,â›ª Early Modern
1631495828,ğŸ— Africa
1631495828,ğŸ° Middle Ages
1631495828,ğŸ‘‘ Political
1631495828,ğŸ•¯ï¸ Cultural
1631498983,ğŸ‡ºğŸ‡¸ USA
1631498983,ğŸ” North America
1631498983,ğŸ­ Late Modern
1631498983,ğŸ‘‘ Political
1632867222,â›ª Early Modern
1632867222,ğŸ‡ºğŸ‡¸ USA
1632867222,ğŸ” North America
1632867222,ğŸ­ Late Modern
1632867222,ğŸ‘‘ Political
1632869241,â›ª Early Modern
1632869241,ğŸ‡ºğŸ‡¸ USA
1632869241,ğŸ” North America
1632869241,ğŸ‘‘ Political
163936238X,â›ª Early Modern
163936238X,ğŸ” North America
163936238X,ğŸ— Africa
163936238X,ğŸ­ Late Modern
163936238X,ğŸ¥ Europe
163936238X,ğŸš½ Social
1639364072,â›ª Early Modern
1639364072,ğŸ‡ºğŸ‡¸ USA
1639364072,ğŸ” North America
1639364072,ğŸ‘‘ Political
1639364196,â›ª Early Modern
1639364196,ğŸ•¯ï¸ Cultural
1639364196,ğŸ¥ Europe
1639364196,ğŸš½ Social
1643130137,â›©ï¸ All periods
1643130137,ğŸ‡¬ğŸ‡§ UK
1643130137,ğŸ‘‘ Political
1643130137,ğŸ¥ Europe
1643130153,â›ª Early Modern
1643130153,ğŸ‡«ğŸ‡· France
1643130153,ğŸ‘‘ Political
1643130153,ğŸ¥ Europe
1643130781,ğŸ›ï¸ Ancient
1643130781,ğŸ‘‘ Political
1643130781,ğŸ¥ Europe
164313132X,â›ª Early Modern
164313132X,ğŸ‡ºğŸ‡¸ USA
164313132X,ğŸ” North America
164313132X,ğŸ‘‘ Political
1643135384,â›ª Early Modern
1643135384,ğŸ‡®ğŸ‡¹ Italy
1643135384,ğŸ‘‘ Political
1643135384,ğŸ¥ Europe
1643136321,âš”ï¸ Military
1643136321,ğŸ‡¬ğŸ‡§ UK
1643136321,ğŸ° Middle Ages
1643136321,ğŸ‘‘ Political
1643136321,ğŸ¥ Europe
1643138197,âš”ï¸ Military
1643138197,â›ª Early Modern
1643138197,ğŸŒ½ Central and S America
1643138197,ğŸ” North America
1649031637,ğŸ‡ªğŸ‡¬ Egypt
1649031637,ğŸ— Africa
1649031637,ğŸ›ï¸ Ancient
1649031637,ğŸ‘‘ Political
1649031637,ğŸš½ Social
1761108174,ğŸ‡¦ğŸ‡º Australia
1761108174,ğŸ¤ Australasia
1761108174,ğŸ­ Late Modern
1761108174,ğŸš½ Social
1771647515,ğŸ­ Global
1771647515,ğŸï¸ Pre-Human
1771647515,ğŸµ Evolutionary
1771647515,Magna Carta
1780277849,âš”ï¸ Military
1780277849,ğŸ‡¬ğŸ‡§ UK
1780277849,ğŸ° Middle Ages
1780277849,ğŸ¥ Europe
1780277849,ğŸš½ Social
1781250073,ğŸœ Asia
1781250073,ğŸ° Middle Ages
1781250073,ğŸ‘‘ Political
1781250073,ğŸ•¯ï¸ Cultural
1781250073,ğŸ¥ Europe
1781250073,ğŸš½ Social
1781252491,â›ª Early Modern
1781252491,ğŸ‡¬ğŸ‡§ UK
1781252491,ğŸ—ï¸ Contemporary
1781252491,ğŸ­ Late Modern
1781252491,ğŸ•¯ï¸ Cultural
1781252491,ğŸ¥ Europe
178125575X,ğŸœ Asia
178125575X,ğŸ›ï¸ Ancient
178125575X,ğŸ¥ Europe
178125575X,ğŸš½ Social
1781257256,ğŸœ Asia
1781257256,ğŸ° Middle Ages
1781257256,ğŸ‘‘ Political
1781257256,ğŸ•¯ï¸ Cultural
1781257779,â›©ï¸ All periods
1781257779,ğŸ” North America
1781257779,ğŸ•¯ï¸ Cultural
1781257779,ğŸ¥ Europe
1781258082,â›©ï¸ All periods
1781258082,ğŸ­ Global
1781258082,ğŸ’° Economic
178125835X,â›©ï¸ All periods
178125835X,ğŸ‡¬ğŸ‡§ UK
178125835X,ğŸ­ Global
178125835X,ğŸ‘‘ Political
178125835X,ğŸ¥ Europe
178125835X,ğŸš½ Social
1781557705,ğŸ­ Late Modern
1781557705,ğŸ‘‘ Political
1781557705,ğŸ¥ Europe
1781558140,âš”ï¸ Military
1781558140,ğŸ‡¯ğŸ‡µ Japan
1781558140,ğŸœ Asia
1781558140,ğŸ—ï¸ Contemporary
1781852561,â›ª Early Modern
1781852561,ğŸ‡¬ğŸ‡§ UK
1781852561,ğŸ‘‘ Political
1781852561,ğŸ¥ Europe
1781858888,âš”ï¸ Military
1781858888,ğŸœ Asia
1781858888,ğŸ° Middle Ages
1781858888,ğŸ‘‘ Political
1781858888,ğŸ¥ Europe
1781858888,Christianity
1782276475,ğŸ° Middle Ages
1782276475,ğŸ‘‘ Political
1782276475,ğŸ¥ Europe
1782439765,ğŸ‡¬ğŸ‡· Greece
1782439765,ğŸ›ï¸ Ancient
1782439765,ğŸ¥ Europe
1782439765,ğŸš½ Social
1782439927,â›ª Early Modern
1782439927,ğŸ‡¬ğŸ‡§ UK
1782439927,ğŸ‘‘ Political
1782439927,ğŸ¥ Europe
1782439935,ğŸ‡¬ğŸ‡§ UK
1782439935,ğŸ­ Late Modern
1782439935,ğŸ¥ Europe
1782439935,ğŸš½ Social
1783352647,ğŸ‡¨ğŸ‡³ China
1783352647,ğŸœ Asia
1783352647,ğŸ—ï¸ Contemporary
1783352647,ğŸ¥‡ Cundhill prize winner
1783352647,ğŸš½ Social
1783528052,â›©ï¸ All periods
1783528052,ğŸ¥ Europe
1783528052,ğŸš½ Social
1783529148,â›ª Early Modern
1783529148,ğŸ‡¬ğŸ‡§ UK
1783529148,ğŸ­ Late Modern
1783529148,ğŸ° Middle Ages
1783529148,ğŸ‘‘ Political
1783529148,ğŸ¥ Europe
1783784598,ğŸ—ï¸ Contemporary
1783784598,ğŸ­ Late Modern
1783784598,ğŸ“š Historiography
1783784598,ğŸ¥ Europe
1783965576,ğŸ‡·ğŸ‡º Russia
1783965576,ğŸ­ Late Modern
1783965576,ğŸ¥ Europe
1783965576,ğŸš½ Social
1783966211,ğŸ‡©ğŸ‡ª Germany
1783966211,ğŸ—ï¸ Contemporary
1783966211,ğŸ¥ Europe
1783966211,ğŸš½ Social
1784538620,ğŸ‡¬ğŸ‡§ UK
1784538620,ğŸ‡·ğŸ‡º Russia
1784538620,ğŸ­ Late Modern
1784538620,ğŸ•¯ï¸ Cultural
1784538620,ğŸ¥ Europe
1784742651,ğŸ‡®ğŸ‡¹ Italy
1784742651,ğŸ° Middle Ages
1784742651,ğŸ•¯ï¸ Cultural
1784742651,ğŸ¥ Europe
1784742910,ğŸ‡¬ğŸ‡§ UK
1784742910,ğŸ—ï¸ Contemporary
1784742910,ğŸ­ Late Modern
1784742910,ğŸ•¯ï¸ Cultural
1784742910,ğŸ¥ Europe
1784742910,ğŸš½ Social
178474381X,ğŸ‡¬ğŸ‡§ UK
178474381X,ğŸ­ Late Modern
178474381X,ğŸ¥ Europe
178474381X,ğŸš½ Social
178515088X,ğŸ‡¬ğŸ‡§ UK
178515088X,ğŸ­ Late Modern
178515088X,ğŸ’° Economic
178515088X,ğŸ¥ Europe
178515088X,ğŸš½ Social
1785785915,ğŸ° Middle Ages
1785785915,ğŸ‘‘ Political
1785785915,ğŸ¥ Europe
1785785915,ğŸš½ Social
1785786504,â›ª Early Modern
1785786504,ğŸ‡¬ğŸ‡§ UK
1785786504,ğŸ­ Late Modern
1785786504,ğŸ‘‘ Political
1785786504,ğŸ¥ Europe
1785786504,ğŸš½ Social
1785786628,â›©ï¸ All periods
1785786628,ğŸ­ Global
1785786628,ğŸ“š Historiography
1785786660,ğŸ‡¬ğŸ‡§ UK
1785786660,ğŸ—ï¸ Contemporary
1785786660,ğŸ¥ Europe
1785786660,ğŸš½ Social
1785787276,ğŸ‡ºğŸ‡¸ USA
1785787276,ğŸ” North America
1785787276,ğŸ—ï¸ Contemporary
1785787276,ğŸ‘‘ Political
1785787276,ğŸš½ Social
1785788434,ğŸ‡¬ğŸ‡§ UK
1785788434,ğŸ­ Global
1785788434,ğŸ­ Late Modern
1785788434,ğŸš½ Social
1785789546,ğŸ‡¬ğŸ‡§ UK
1785789546,ğŸ­ Late Modern
1785789546,ğŸ‘‘ Political
1785789546,ğŸ¥ Europe
1785789546,ğŸš½ Social
178590521X,ğŸ­ Global
178590521X,ğŸ—ï¸ Contemporary
178590521X,ğŸ“š Historiography
178590521X,ğŸ•¯ï¸ Cultural
178590762X,ğŸ‡¬ğŸ‡§ UK
178590762X,ğŸ­ Late Modern
178590762X,ğŸ‘‘ Political
178590762X,ğŸ¥ Europe
1786076357,â›ª Early Modern
1786076357,ğŸœ Asia
1786076357,ğŸ° Middle Ages
1786076357,ğŸ¥ Europe
1786076357,ğŸš½ Social
1786076675,ğŸ­ Global
1786076675,ğŸ­ Late Modern
1786076675,ğŸ•¯ï¸ Cultural
1786077205,â›©ï¸ All periods
1786077205,ğŸ•¯ï¸ Cultural
1786077205,ğŸ¥ Europe
1786079356,ğŸ‡¬ğŸ‡§ UK
1786079356,ğŸ‡³ğŸ‡¬ Nigeria
1786079356,ğŸ— Africa
1786079356,ğŸ­ Late Modern
1786079356,ğŸ‘‘ Political
1786079356,ğŸ•¯ï¸ Cultural
1786330997,ğŸ‡¬ğŸ‡§ UK
1786330997,ğŸ° Middle Ages
1786330997,ğŸ‘‘ Political
1786330997,ğŸ¥ Europe
1786330997,Cold war
1786495449,â›ª Early Modern
1786495449,ğŸ‡®ğŸ‡¹ Italy
1786495449,ğŸ‘‘ Political
1786495449,ğŸ¥ Europe
1786495449,ğŸš½ Social
1786497638,â›ª Early Modern
1786497638,ğŸ—ï¸ Contemporary
1786497638,ğŸ­ Late Modern
1786497638,ğŸ•¯ï¸ Cultural
1786497638,ğŸ¥ Europe
1786497638,ğŸš½ Social
1786497875,ğŸ‡²ğŸ‡² Myanmar
1786497875,ğŸœ Asia
1786497875,ğŸ—ï¸ Contemporary
1786497875,ğŸ‘‘ Political
1786497875,ğŸ’° Economic
1786498324,ğŸ­ Global
1786498324,ğŸ­ Late Modern
1786498324,ğŸ‘‘ Political
1786498723,â›ª Early Modern
1786498723,ğŸ‡®ğŸ‡¹ Italy
1786498723,ğŸ° Middle Ages
1786498723,ğŸ•¯ï¸ Cultural
1786498723,ğŸ¥ Europe
1786498952,ğŸ›ï¸ Ancient
1786498952,ğŸ•¯ï¸ Cultural
1786498952,ğŸ¥ Europe
1786498952,ğŸš½ Social
1786637731,â›©ï¸ All periods
1786637731,ğŸ‡®ğŸ‡¹ Italy
1786637731,ğŸ‘‘ Political
1786637731,ğŸ•¯ï¸ Cultural
1786637731,ğŸ¥ Europe
1786892197,âš”ï¸ Military
1786892197,ğŸ‡©ğŸ‡ª Germany
1786892197,ğŸ—ï¸ Contemporary
1786892197,ğŸ¥ Europe
1786894025,â›©ï¸ All periods
1786894025,ğŸ­ Global
1786894025,ğŸ•¯ï¸ Cultural
1787332160,ğŸ‡«ğŸ‡· France
1787332160,ğŸ‡¬ğŸ‡§ UK
1787332160,ğŸ­ Late Modern
1787332160,ğŸ•¯ï¸ Cultural
1787332160,ğŸ¥ Europe
1787332160,ğŸš½ Social
1787332810,â›º Pre-Historic
1787332810,ğŸ­ Global
1787332810,ğŸï¸ Pre-Human
1787332810,ğŸµ Evolutionary
1787332810,ğŸš½ Social
1787333760,â›º Pre-Historic
1787333760,ğŸ­ Global
1787333760,ğŸš½ Social
1787333760,Low Countries
1787381218,ğŸ­ Global
1787381218,ğŸ—ï¸ Contemporary
1787381218,ğŸ•¯ï¸ Cultural
1787381218,ğŸš½ Social
1787381919,â›©ï¸ All periods
1787381919,ğŸ¥ Europe
1787381919,ğŸš½ Social
1787383059,â›ª Early Modern
1787383059,ğŸ° Middle Ages
1787383059,ğŸ•¯ï¸ Cultural
1787383059,ğŸ¥ Europe
1787383849,ğŸ‡³ğŸ‡¬ Nigeria
1787383849,ğŸ— Africa
1787383849,ğŸ­ Late Modern
1787383849,ğŸ‘‘ Political
1787383857,ğŸ‡®ğŸ‡³ India
1787383857,ğŸœ Asia
1787383857,ğŸ­ Late Modern
1787383857,ğŸ‘‘ Political
178738456X,ğŸ‡³ğŸ‡¬ Nigeria
178738456X,ğŸ— Africa
178738456X,ğŸ­ Late Modern
178738456X,ğŸ‘‘ Political
178738456X,ğŸš½ Social
1787386902,ğŸ‡¬ğŸ‡§ UK
1787386902,ğŸ—ï¸ Contemporary
1787386902,ğŸ­ Late Modern
1787386902,ğŸ‘‘ Political
1787386902,ğŸ¥ Europe
1787387003,â›©ï¸ All periods
1787387003,ğŸ‡¦ğŸ‡´ Angola
1787387003,ğŸ‡²ğŸ‡¿ Mozambique
1787387003,ğŸ‡¿ğŸ‡² Zambia
1787387003,ğŸ‡¿ğŸ‡¼ Zimbabwe
1787387003,ğŸ— Africa
1787387003,ğŸ‘‘ Political
1787389340,â›ª Early Modern
1787389340,ğŸ‡¬ğŸ‡§ UK
1787389340,ğŸ—ï¸ Contemporary
1787389340,ğŸ­ Late Modern
1787389340,ğŸ° Middle Ages
1787389340,ğŸ‘‘ Political
1787389340,ğŸ¥ Europe
1787389537,ğŸ‡®ğŸ‡¹ Italy
1787389537,ğŸ—ï¸ Contemporary
1787389537,ğŸ‘‘ Political
1787389537,ğŸ¥ Europe
1788160509,ğŸ‡­ğŸ‡º Hungary
1788160509,ğŸ—ï¸ Contemporary
1788160509,ğŸ­ Late Modern
1788160509,ğŸ‘‘ Political
1788160509,ğŸ¥ Europe
1788161742,ğŸ‡®ğŸ‡ª Ireland
1788161742,ğŸ­ Late Modern
1788161742,ğŸ‘‘ Political
1788161742,ğŸ¥ Europe
1788161785,ğŸ‡¬ğŸ‡§ UK
1788161785,ğŸ‡®ğŸ‡ª Ireland
1788161785,ğŸ—ï¸ Contemporary
1788161785,ğŸ­ Late Modern
1788161785,ğŸ‘‘ Political
1788161785,ğŸ¥ Europe
1788161920,â›©ï¸ All periods
1788161920,ğŸ­ Global
1788161920,ğŸ’° Economic
1788161920,ğŸš½ Social
1788163028,â›©ï¸ All periods
1788163028,ğŸ­ Global
1788163028,ğŸ•¯ï¸ Cultural
1788163427,â›©ï¸ All periods
1788163427,ğŸ•¯ï¸ Cultural
1788163427,ğŸ¥ Europe
1788166663,â›ª Early Modern
1788166663,ğŸ•¯ï¸ Cultural
1788166663,ğŸ¥ Europe
1788167236,â›©ï¸ All periods
1788167236,ğŸ­ Global
1788167236,ğŸ‘‘ Political
1788167805,â›©ï¸ All periods
1788167805,ğŸ­ Global
1788167805,ğŸš½ Social
1788167805,Vikings
1788168801,â›º Pre-Historic
1788168801,ğŸ‡¬ğŸ‡§ UK
1788168801,ğŸ›ï¸ Ancient
1788168801,ğŸ•¯ï¸ Cultural
1788168801,ğŸ¥ Europe
1788168801,ğŸš½ Social
1788310071,â›©ï¸ All periods
1788310071,ğŸ‘‘ Political
1788310071,ğŸ¥ Europe
1788310071,ğŸš½ Social
1788314506,ğŸ‡¬ğŸ‡§ UK
1788314506,ğŸ° Middle Ages
1788314506,ğŸ‘‘ Political
1788314506,ğŸ¥ Europe
1788314778,â›ª Early Modern
1788314778,ğŸ‡®ğŸ‡¸ Iceland
1788314778,ğŸ•¯ï¸ Cultural
1788314778,ğŸ¥ Europe
1788314778,ğŸš½ Social
1788541219,â›ª Early Modern
1788541219,ğŸ‡¬ğŸ‡§ UK
1788541219,ğŸ•¯ï¸ Cultural
1788541219,ğŸ¥ Europe
1788543475,ğŸ‡¬ğŸ‡§ UK
1788543475,ğŸ° Middle Ages
1788543475,ğŸ‘‘ Political
1788543475,ğŸ¥ Europe
1788547837,â›ª Early Modern
1788547837,ğŸ‡®ğŸ‡¹ Italy
1788547837,ğŸ‘‘ Political
1788547837,ğŸ¥ Europe
1788547837,ğŸš½ Social
1789140625,â›ª Early Modern
1789140625,ğŸ—ï¸ Contemporary
1789140625,ğŸ­ Late Modern
1789140625,ğŸ•¯ï¸ Cultural
1789140625,ğŸ¥ Europe
1789142296,â›©ï¸ All periods
1789142296,ğŸ­ Global
1789142296,ğŸ•¯ï¸ Cultural
1789142326,ğŸ‡¬ğŸ‡§ UK
1789142326,ğŸ° Middle Ages
1789142326,ğŸ“š Historiography
1789142326,ğŸ¥ Europe
1789142326,ğŸš½ Social
1789142911,â›ª Early Modern
1789142911,ğŸ‡·ğŸ‡º Russia
1789142911,ğŸœ Asia
1789142911,ğŸ—ï¸ Contemporary
1789142911,ğŸ­ Late Modern
1789142911,ğŸ° Middle Ages
1789142911,ğŸ‘‘ Political
1789142911,ğŸ¥ Europe
1789143012,â›ª Early Modern
1789143012,ğŸ‡¬ğŸ‡§ UK
1789143012,ğŸ—ï¸ Contemporary
1789143012,ğŸ­ Late Modern
1789143012,ğŸ¥ Europe
1789143012,ğŸš½ Social
1789143861,â›ª Early Modern
1789143861,ğŸ‡¬ğŸ‡§ UK
1789143861,ğŸ‡ºğŸ‡¸ USA
1789143861,ğŸ” North America
1789143861,ğŸ­ Late Modern
1789143861,ğŸ•¯ï¸ Cultural
1789143861,ğŸ¥ Europe
1789144159,â›º Pre-Historic
1789144159,ğŸœ Asia
1789144159,ğŸ›ï¸ Ancient
1789144159,ğŸ‘‘ Political
1789144892,ğŸ° Middle Ages
1789144892,ğŸ¥ Europe
1789144892,ğŸš½ Social
1789145376,â›ª Early Modern
1789145376,ğŸ‡ªğŸ‡¸ Spain
1789145376,ğŸ•¯ï¸ Cultural
1789145376,ğŸ¥ Europe
178914583X,âš”ï¸ Military
178914583X,â›©ï¸ All periods
178914583X,ğŸ­ Global
1789146577,â›ª Early Modern
1789146577,ğŸ‡»ğŸ‡¦ Vatican City
1789146577,ğŸ—ï¸ Contemporary
1789146577,ğŸ­ Late Modern
1789146577,ğŸ•¯ï¸ Cultural
1789146577,ğŸ¥ Europe
1789146720,ğŸ‡¬ğŸ‡§ UK
1789146720,ğŸ° Middle Ages
1789146720,ğŸ¥ Europe
1789146720,ğŸš½ Social
1789148405,ğŸ‡ªğŸ‡¸ Spain
1789148405,ğŸ­ Global
1789148405,ğŸ° Middle Ages
1789148405,ğŸ‘‘ Political
1789148642,â›ª Early Modern
1789148642,ğŸ‡¯ğŸ‡µ Japan
1789148642,ğŸœ Asia
1789148642,ğŸš½ Social
1789254213,â›º Pre-Historic
1789254213,ğŸ‡ªğŸ‡¬ Egypt
1789254213,ğŸ— Africa
1789254213,ğŸ›ï¸ Ancient
1789254213,ğŸ•¯ï¸ Cultural
1789254213,ğŸš½ Social
1789256658,ğŸ° Middle Ages
1789256658,ğŸ¥ Europe
1789256658,ğŸš½ Social
1789291216,ğŸ‡¨ğŸ‡³ China
1789291216,ğŸœ Asia
1789291216,ğŸ›ï¸ Ancient
1789291216,ğŸš½ Social
1789293650,ğŸ‡ªğŸ‡¬ Egypt
1789293650,ğŸ— Africa
1789293650,ğŸ›ï¸ Ancient
1789293650,ğŸ•¯ï¸ Cultural
1789293650,ğŸš½ Social
1789543169,ğŸ‡·ğŸ‡´ Romania
1789543169,ğŸ—ï¸ Contemporary
1789543169,ğŸ­ Late Modern
1789543169,ğŸ‘‘ Political
1789543169,ğŸ¥ Europe
1789543436,ğŸ° Middle Ages
1789543436,ğŸ‘‘ Political
1789543436,ğŸ¥ Europe
1789543533,ğŸ° Middle Ages
1789543533,ğŸ‘‘ Political
1789543533,ğŸ•¯ï¸ Cultural
1789543533,ğŸ¥ Europe
1789543533,ğŸš½ Social
1789544157, Language
1789544157,â›º Pre-Historic
1789544157,ğŸ‡¬ğŸ‡§ UK
1789544157,ğŸï¸ Pre-Human
1789544157,ğŸ¥ Europe
1789544157,ğŸš½ Social
1789544157,Vikings
178954565X,â›©ï¸ All periods
178954565X,ğŸœ Asia
178954565X,ğŸ•¯ï¸ Cultural
178954565X,ğŸ¥ Europe
1789741203,â›©ï¸ All periods
1789741203,ğŸ‡¬ğŸ‡§ UK
1789741203,ğŸ‡®ğŸ‡ª Ireland
1789741203,ğŸ•¯ï¸ Cultural
1789741203,ğŸ¥ Europe
1800241976,ğŸ‡®ğŸ‡¹ Italy
1800241976,ğŸ° Middle Ages
1800241976,ğŸ‘‘ Political
1800241976,ğŸ¥ Europe
1800244738,â›ª Early Modern
1800244738,ğŸ‡®ğŸ‡¹ Italy
1800244738,ğŸ‘‘ Political
1800244738,ğŸ•¯ï¸ Cultural
1800244738,ğŸ¥ Europe
1800811586,ğŸ­ Global
1800811586,ğŸï¸ Pre-Human
1800811586,ğŸµ Evolutionary
1800811888,â›©ï¸ All periods
1800811888,ğŸ‡·ğŸ‡º Russia
1800811888,ğŸ‘‘ Political
1800811888,ğŸ¥ Europe
1800811993,â›ª Early Modern
1800811993,ğŸ‡¬ğŸ‡§ UK
1800811993,ğŸ­ Late Modern
1800811993,ğŸ¥ Europe
1800811993,ğŸš½ Social
1800815301,ğŸ‡¬ğŸ‡§ UK
1800815301,ğŸ­ Late Modern
1800815301,ğŸ•¯ï¸ Cultural
1800815301,ğŸ¥ Europe
1800815301,ğŸš½ Social
1800818203,ğŸ‡ºğŸ‡¸ USA
1800818203,ğŸ” North America
1800818203,ğŸ­ Late Modern
1800818203,ğŸš½ Social
180110915X,ğŸ‡«ğŸ‡· France
180110915X,ğŸ° Middle Ages
180110915X,ğŸ‘‘ Political
180110915X,ğŸ¥ Europe
180110915X,ğŸš½ Social
1802792392,â›©ï¸ All periods
1802792392,ğŸ­ Global
1802792392,ğŸ•¯ï¸ Cultural
1803281952,ğŸ‡¬ğŸ‡· Greece
1803281952,ğŸ›ï¸ Ancient
1803281952,ğŸ•¯ï¸ Cultural
1803281952,ğŸ¥ Europe
1803284781,ğŸ‡©ğŸ‡ª Germany
1803284781,ğŸ­ Late Modern
1803284781,ğŸ‘‘ Political
1803284781,ğŸ¥ Europe
1803991569,â›©ï¸ All periods
1803991569,ğŸ­ Global
1803991569,ğŸ•¯ï¸ Cultural
1803991569,ğŸš½ Social
1803991917,ğŸ‡ªğŸ‡¬ Egypt
1803991917,ğŸ— Africa
1803991917,ğŸ›ï¸ Ancient
1803991917,ğŸ‘‘ Political
1803991917,ğŸš½ Social
1803995416,ğŸ‡¬ğŸ‡§ UK
1803995416,ğŸ° Middle Ages
1803995416,ğŸ‘‘ Political
1803995416,ğŸ¥ Europe
1803996323,ğŸ‡¬ğŸ‡§ UK
1803996323,ğŸ° Middle Ages
1803996323,ğŸ•¯ï¸ Cultural
1803996323,ğŸ¥ Europe
1804542806,â›ª Early Modern
1804542806,ğŸ” North America
1804542806,ğŸ­ Late Modern
1804542806,ğŸ° Middle Ages
1804542806,ğŸ’° Economic
1804542806,ğŸ¥ Europe
1805260197,ğŸ‡¬ğŸ‡§ UK
1805260197,ğŸ‡®ğŸ‡³ India
1805260197,ğŸ‡ºğŸ‡¸ USA
1805260197,ğŸ” North America
1805260197,ğŸœ Asia
1805260197,ğŸ—ï¸ Contemporary
1805260197,ğŸ­ Late Modern
1805260197,ğŸ•¯ï¸ Cultural
1805260197,ğŸ¥ Europe
1837730245,â›©ï¸ All periods
1837730245,â›º Pre-Historic
1837730245,ğŸ­ Global
1837730245,ğŸš½ Social
1837731055,â›©ï¸ All periods
1837731055,ğŸ‡®ğŸ‡¹ Italy
1837731055,ğŸ‘‘ Political
1837731055,ğŸ•¯ï¸ Cultural
1837731055,ğŸ¥ Europe
1838606637,ğŸ­ Late Modern
1838606637,ğŸ‘‘ Political
1838606637,ğŸ¥ Europe
1838606637,ğŸš½ Social
1838931953,âš”ï¸ Military
1838931953,ğŸœ Asia
1838931953,ğŸ›ï¸ Ancient
1838931953,ğŸ° Middle Ages
1838931953,ğŸ‘‘ Political
1838931953,ğŸ¥ Europe
1838934820,ğŸ‡¬ğŸ‡§ UK
1838934820,ğŸ° Middle Ages
1838934820,ğŸ‘‘ Political
1838934820,ğŸ¥ Europe
1838952616,ğŸ‡®ğŸ‡ª Ireland
1838952616,ğŸ­ Late Modern
1838952616,ğŸ‘‘ Political
1838952616,ğŸ¥ Europe
1838953418,ğŸ‡«ğŸ‡· France
1838953418,ğŸ­ Late Modern
1838953418,ğŸ¥ Europe
1838953418,ğŸš½ Social
1838955135,â›ª Early Modern
1838955135,ğŸ•¯ï¸ Cultural
1838955135,ğŸ¥ Europe
1841883735,âš”ï¸ Military
1841883735,ğŸ‡©ğŸ‡ª Germany
1841883735,ğŸ‡³ğŸ‡± Netherlands
1841883735,ğŸ—ï¸ Contemporary
1841883735,ğŸ¥ Europe
1842172603,ğŸ° Middle Ages
1842172603,ğŸ¥ Europe
1842172603,ğŸš½ Social
1843681935,â›ª Early Modern
1843681935,ğŸ‡»ğŸ‡¦ Vatican City
1843681935,ğŸ‘‘ Political
1843681935,ğŸ¥ Europe
1846143128,ğŸ­ Late Modern
1846143128,ğŸ“š Historiography
1846143128,ğŸ¥ Europe
1846144663,ğŸ‡®ğŸ‡¹ Italy
1846144663,ğŸ° Middle Ages
1846144663,ğŸ‘‘ Political
1846144663,ğŸ¥ Europe
1846145082,â›©ï¸ All periods
1846145082,ğŸ­ Global
1846145082,ğŸ† Wolfson prize winner
1846145082,ğŸ‘‘ Political
1846145082,ğŸ’° Economic
1846145627,ğŸœ Asia
1846145627,ğŸ­ Late Modern
1846145627,ğŸ‘‘ Political
1846145627,Enlightenment
1846145996,â›ª Early Modern
1846145996,ğŸ‡«ğŸ‡· France
1846145996,ğŸ‘‘ Political
1846145996,ğŸ¥ Europe
1846683785,ğŸ›ï¸ Ancient
1846683785,ğŸ‘‘ Political
1846683785,ğŸ¥ Europe
1846683785,ğŸš½ Social
1846683874,ğŸ‡®ğŸ‡¹ Italy
1846683874,ğŸ›ï¸ Ancient
1846683874,ğŸ‘‘ Political
1846683874,ğŸ¥ Europe
1846684978,ğŸ­ Global
1846684978,ğŸ­ Late Modern
1846684978,ğŸ‘‘ Political
184792106X,â›ª Early Modern
184792106X,ğŸ‡¬ğŸ‡§ UK
184792106X,ğŸ­ Global
184792106X,ğŸ—ï¸ Contemporary
184792106X,ğŸ­ Late Modern
184792106X,ğŸ‘‘ Political
184792106X,ğŸš½ Social
1847922147,ğŸœ Asia
1847922147,ğŸ° Middle Ages
1847922147,ğŸ‘‘ Political
1847922147,ğŸ¥ Europe
1847922392,â›ª Early Modern
1847922392,ğŸ‡¹ğŸ‡· Turkey
1847922392,ğŸœ Asia
1847922392,ğŸ‘‘ Political
1847922392,ğŸ¥ Europe
184792249X, Biography
184792249X,ğŸ­ Global
184792249X,ğŸ—ï¸ Contemporary
184792249X,ğŸ‘‘ Political
184792249X,ğŸ¥‡ Cundhill prize winner
184792249X,Roman
1847923984,ğŸ‡ºğŸ‡¸ USA
1847923984,ğŸ” North America
1847923984,ğŸ—ï¸ Contemporary
1847923984,ğŸ­ Late Modern
1847923984,ğŸ‘‘ Political
1847924352,â›©ï¸ All periods
1847924352,ğŸ­ Global
1847924352,ğŸ‘‘ Political
1847924352,ğŸš½ Social
1847926290,â›ª Early Modern
1847926290,ğŸ—ï¸ Contemporary
1847926290,ğŸ­ Late Modern
1847926290,ğŸ•¯ï¸ Cultural
1847926290,ğŸ¥ Europe
1847926436,ğŸ‡¬ğŸ‡§ UK
1847926436,ğŸ—ï¸ Contemporary
1847926436,ğŸ‘‘ Political
1847926436,ğŸ¥ Europe
1847926436,ğŸš½ Social
1847926703,â›©ï¸ All periods
1847926703,ğŸ­ Global
1847926703,ğŸµ Evolutionary
1847926878,â›©ï¸ All periods
1847926878,ğŸ­ Global
1847926878,ğŸ•¯ï¸ Cultural
1847927041,ğŸ‡®ğŸ‡© Indonesia
1847927041,ğŸœ Asia
1847927041,ğŸ—ï¸ Contemporary
1847927041,ğŸ‘‘ Political
1847927440,ğŸ° Middle Ages
1847927440,ğŸ‘‘ Political
1847927440,ğŸ•¯ï¸ Cultural
1847927440,ğŸ¥ Europe
1847927440,ğŸš½ Social
1847927793,ğŸ‡©ğŸ‡ª Germany
1847927793,ğŸ—ï¸ Contemporary
1847927793,ğŸ¥ Europe
1847927793,ğŸš½ Social
1851779299,â›©ï¸ All periods
1851779299,ğŸ‡®ğŸ‡· Iran
1851779299,ğŸœ Asia
1851779299,ğŸ•¯ï¸ Cultural
1906257272,ğŸ‡·ğŸ‡º Russia
1906257272,ğŸ­ Late Modern
1906257272,ğŸ‘‘ Political
1906257272,ğŸ¥ Europe
1908906448,â›ª Early Modern
1908906448,ğŸ‡¬ğŸ‡§ UK
1908906448,ğŸ¥ Europe
1908906448,ğŸš½ Social
1908906464,ğŸ‡¬ğŸ‡§ UK
1908906464,ğŸ‡®ğŸ‡³ India
1908906464,ğŸœ Asia
1908906464,ğŸ­ Late Modern
1908906464,ğŸ•¯ï¸ Cultural
1908906464,ğŸ¥ Europe
1908906464,ğŸš½ Social
1910702099,ğŸœ Asia
1910702099,ğŸ° Middle Ages
1910702099,ğŸ‘‘ Political
1910702099,ğŸ¥ Europe
1910702781,ğŸ‡¨ğŸ‡³ China
1910702781,ğŸœ Asia
1910702781,ğŸ­ Late Modern
1910702781,ğŸ‘‘ Political
1910702781,ğŸš½ Social
1910702781,Aztecs
1911709054,â›©ï¸ All periods
1911709054,ğŸ­ Global
1911709054,ğŸš½ Social
1912208539,â›©ï¸ All periods
1912208539,ğŸ‡¬ğŸ‡· Greece
1912208539,ğŸ‘‘ Political
1912208539,ğŸ¥ Europe
1912208539,ğŸš½ Social
1913083152,ğŸ‡·ğŸ‡º Russia
1913083152,ğŸœ Asia
1913083152,ğŸ—ï¸ Contemporary
1913083152,ğŸ­ Late Modern
1913083152,ğŸ‘‘ Political
1913083152,ğŸ¥ Europe
1913083217,â›©ï¸ All periods
1913083217,ğŸ­ Global
1913083217,ğŸ‘‘ Political
1913083217,ğŸ•¯ï¸ Cultural
191317509X,ğŸ‡³ğŸ‡¬ Nigeria
191317509X,ğŸ— Africa
191317509X,ğŸ—ï¸ Contemporary
191317509X,ğŸ­ Late Modern
191317509X,ğŸ‘‘ Political
1913491919,â›ª Early Modern
1913491919,ğŸ‡¬ğŸ‡§ UK
1913491919,ğŸ•¯ï¸ Cultural
1913491919,ğŸ¥ Europe
1914414497,ğŸ—ï¸ Contemporary
1914414497,ğŸ¥ Europe
1914414497,ğŸš½ Social
1914427084,ğŸ‡¬ğŸ‡§ UK
1914427084,ğŸ›ï¸ Ancient
1914427084,ğŸ¥ Europe
1914427084,ğŸš½ Social
1914484290,ğŸ‡«ğŸ‡· France
1914484290,ğŸ‡·ğŸ‡º Russia
1914484290,ğŸ­ Late Modern
1914484290,ğŸ‘‘ Political
1914484290,ğŸ•¯ï¸ Cultural
1914484290,ğŸ¥ Europe
1915590272,ğŸœ Asia
1915590272,ğŸ—ï¸ Contemporary
1915590272,ğŸ­ Late Modern
1915590272,ğŸ‘‘ Political
1982107294,âš”ï¸ Military
1982107294,ğŸ‡ºğŸ‡¸ USA
1982107294,ğŸ” North America
1982107294,ğŸ—ï¸ Contemporary
1982111399,â›ª Early Modern
1982111399,ğŸ•¯ï¸ Cultural
1982111399,ğŸ¥ Europe
1982145099,â›ª Early Modern
1982145099,ğŸ‡ºğŸ‡¸ USA
1982145099,ğŸ” North America
1982145099,ğŸ­ Late Modern
1982145099,ğŸ‘‘ Political
1982145099,ğŸ•¯ï¸ Cultural
1982165332,â›©ï¸ All periods
1982165332,ğŸ­ Global
1982165332,ğŸš½ Social
1983016993,ğŸ›ï¸ Ancient
1983016993,ğŸ¥ Europe
1983016993,ğŸš½ Social
1984854992,ğŸ‡ºğŸ‡¸ USA
1984854992,ğŸ” North America
1984854992,ğŸ­ Late Modern
1984854992,ğŸ¥‡ Cundhill prize winner
1984854992,ğŸš½ Social
1984880098,âš”ï¸ Military
1984880098,ğŸ‡ºğŸ‡¸ USA
1984880098,ğŸ” North America
1984880098,ğŸ­ Late Modern
1984880098,ğŸš½ Social
1989555799,â›©ï¸ All periods
1989555799,ğŸ­ Global
1989555799,ğŸ“š Historiography
1999977645,ğŸ‡¬ğŸ‡§ UK
1999977645,ğŸ‡³ğŸ‡´ Norway
1999977645,ğŸ° Middle Ages
1999977645,ğŸ•¯ï¸ Cultural
1999977645,ğŸ¥ Europe
1999977645,ğŸš½ Social
3847112422,â›ª Early Modern
3847112422,ğŸ° Middle Ages
3847112422,ğŸ‘‘ Political
3847112422,ğŸ¥ Europe
3847112422,ğŸš½ Social
9389836042,â›ª Early Modern
9389836042,ğŸ‡®ğŸ‡³ India
9389836042,ğŸœ Asia
9389836042,ğŸ­ Late Modern
9389836042,ğŸ‘‘ Political
9887963992,âš”ï¸ Military
9887963992,ğŸ‡¨ğŸ‡³ China
9887963992,ğŸœ Asia
9887963992,ğŸ—ï¸ Contemporary
B07WLQ1VRF,â›©ï¸ All periods
B07WLQ1VRF,ğŸ‘‘ Political
B07WLQ1VRF,ğŸ¥ Europe
B07WLQ1VRF,ğŸš½ Social
